,num,noaa_u,datetime_u,date_p_u,lat_u,lon_u,lon_c_u,cent_dist_u,pos_angle_u,area_obs_u,area_cor_u,spot_n_u,class_z_u,class_h_u,noaa_d,datetime_d,date_p_d,lat_d,lon_d,lon_c_d,cent_dist_d,pos_angle_d,area_u_obs_d,area_obs_d,area_u_cor_d,area_cor_d,lat_f_d,lat_l_d,lon_f_d,lon_l_d,tilt_d,m1,m2,m3,m4,m5,m6,m7,ac,cycle
0,1,5409,1989-03-23 00:00:00,1989.221923828125,18.0,14.0,141.0,0.47699999809265137,331.20001220703125,1740.0,990.0,49.0,Eki,BGD,5409,1989-03-22 12:34:38,1989.21923828125,16.790000915527344,12.460000038146973,139.47999572753906,0.45320001244544983,332.7699890136719,209.0,2407.0,117.0,1334.0,16.75,17.850000381469727,139.3800048828125,141.64999389648438,-26.93000030517578,,,,,P,,V,1.0,22
1,2,5414,1989-03-24 00:00:00,1989.224609375,-18.0,49.0,163.0,0.7540000081062317,252.10000610351562,196.0,150.0,11.0,Dao,B,5414,1989-03-21 07:41:44,1989.2159423828125,-18.010000228881836,20.649999618530273,163.5399932861328,0.3921000063419342,239.22999572753906,66.0,441.0,35.0,238.0,-18.8799991607666,-17.40999984741211,161.7100067138672,164.7899932861328,26.549999237060547,,,,,,,V,1.0,22
2,3,5441,1989-04-10 00:00:00,1989.271240234375,36.0,-15.0,234.0,0.6970000267028809,17.5,473.0,330.0,20.0,Eki,BD,5441,1989-04-08 15:04:39,1989.26611328125,35.029998779296875,-29.549999237060547,231.82000732421875,0.7645999789237976,31.969999313354492,65.0,662.0,50.0,506.0,34.7400016784668,37.599998474121094,231.07000732421875,238.6699981689453,-24.65999984741211,,,,,,,V,1.0,22
3,4,5455,1989-04-14 00:00:00,1989.2822265625,19.0,-58.0,139.0,0.8840000033378601,65.0999984741211,18.0,20.0,4.0,Hxi,B,5455,1989-04-15 15:31:26,1989.2852783203125,24.93000030517578,-31.739999771118164,137.00999450683594,0.6891000270843506,43.97999954223633,1.0,8.0,1.0,6.0,24.75,25.280000686645508,136.3800048828125,138.27999877929688,-17.100000381469727,S,,,,,,V,1.0,22
4,5,5470,1989-05-05 00:00:00,1989.3397216796875,28.0,-17.0,262.0,0.5820000171661377,26.299999237060547,845.0,520.0,35.0,Eki,BGD,5470,1989-05-04 16:10:55,1989.3375244140625,29.440000534057617,-16.969999313354492,260.3699951171875,0.604200005531311,24.860000610351562,200.0,1248.0,125.0,775.0,30.100000381469727,29.100000381469727,257.70001220703125,261.75,15.819999694824219,,,,,,,V,1.0,22
5,6,5504,1989-05-24 00:00:00,1989.3917236328125,22.0,-9.0,19.0,0.42399999499320984,20.0,36.0,20.0,5.0,Bxo,B,5504,1989-05-23 14:51:46,1989.389404296875,22.270000457763672,-7.070000171661377,19.719999313354492,0.4230000078678131,15.630000114440918,7.0,31.0,4.0,17.0,22.709999084472656,21.889999389648438,18.56999969482422,20.75,21.93000030517578,S,,,,,,V,1.0,22
6,7,5548,1989-06-17 00:00:00,1989.45751953125,-22.0,58.0,128.0,0.8759999871253967,243.8000030517578,9.0,10.0,2.0,Axo,A,5548,1989-06-16 10:19:21,1989.45458984375,-21.549999237060547,57.959999084472656,129.63999938964844,0.8761000037193298,244.41000366210938,0.0,5.0,0.0,5.0,-21.15999984741211,-22.1299991607666,129.25999450683594,130.2100067138672,-47.77000045776367,S,,T,,,,V,1.0,22
7,8,5600,1989-07-22 00:00:00,1989.553466796875,-18.0,-35.0,292.0,0.6629999876022339,124.5999984741211,15.0,10.0,,nan,B,5600,1989-07-22 05:30:08,1989.552734375,-19.420000076293945,-27.010000228881836,290.8599853515625,0.5913000106811523,133.41000366210938,28.0,59.0,17.0,37.0,,,,,,,,,,X,,V,0.5211267471313477,22
8,9,5622,1989-08-09 00:00:00,1989.602783203125,-26.0,44.0,133.0,0.8050000071525574,230.89999389648438,332.0,280.0,11.0,Cko,B,5622,1989-08-08 06:07:22,1989.599365234375,-26.06999969482422,42.2599983215332,134.9499969482422,0.7922999858856201,229.82000732421875,85.0,544.0,65.0,444.0,-25.15999984741211,-26.219999313354492,130.6699981689453,135.66000366210938,-13.279999732971191,,,,,P,,V,1.0,22
9,10,5648,1989-08-17 00:00:00,1989.6246337890625,7.0,14.0,357.0,0.23999999463558197,271.70001220703125,19.0,10.0,2.0,Axo,B,5648,1989-08-17 14:01:05,1989.6248779296875,6.800000190734863,29.829999923706055,359.20001220703125,0.49619999527931213,271.8800048828125,9.0,14.0,4.0,9.0,6.769999980926514,6.849999904632568,358.8399963378906,359.6400146484375,-5.909999847412109,S,,,,,N,V,1.0,22
10,11,5656,1989-08-23 00:00:00,1989.64111328125,26.0,-32.0,232.0,0.5860000252723694,54.29999923706055,16.0,10.0,3.0,Bxo,B,5656,1989-08-23 12:01:47,1989.64111328125,25.459999084472656,-18.969999313354492,232.1999969482422,0.438400000333786,42.20000076293945,6.0,21.0,3.0,12.0,25.469999313354492,25.450000762939453,230.52999877929688,233.3800048828125,0.5,S,,,,,,V,1.0,22
11,12,5703,1989-09-22 00:00:00,1989.7232666015625,-23.0,-45.0,183.0,0.8009999990463257,125.69999694824219,71.0,60.0,10.0,Cso,B,5703,1989-09-21 06:46:37,1989.719970703125,-22.139999389648438,-44.65999984741211,186.42999267578125,0.7958999872207642,125.0,17.0,88.0,13.0,72.0,-24.09000015258789,-21.81999969482422,180.41000366210938,187.44000244140625,19.270000457763672,C,,,,P,,V,1.0,22
12,13,5729,1989-10-06 00:00:00,1989.7615966796875,-28.0,-61.0,342.0,0.9279999732971191,123.69999694824219,37.0,50.0,4.0,Hso,B,5729,1989-10-08 06:42:31,1989.7664794921875,-28.25,-24.43000030517578,342.3800048828125,0.6696000099182129,146.9499969482422,13.0,74.0,9.0,49.0,-28.219999313354492,-28.280000686645508,340.0899963378906,344.239990234375,-0.9900000095367432,,,,,,,V,1.0,22
13,14,5747,1989-10-19 00:00:00,1989.7972412109375,-27.0,-22.0,209.0,0.6269999742507935,147.8000030517578,1807.0,1160.0,36.0,Ekc,BD,5747,1989-10-19 07:18:55,1989.7967529296875,-26.719999313354492,-12.039999961853027,209.30999755859375,0.565500020980835,160.7100067138672,304.0,2235.0,180.0,1354.0,-26.559999465942383,-28.34000015258789,209.0800018310547,211.57000732421875,-38.63999938964844,,D,T,R,P,,V,1.0,22
14,15,5766,1989-10-28 00:00:00,1989.8218994140625,-29.0,-51.0,62.0,0.8610000014305115,127.80000305175781,20.0,20.0,4.0,Bxo,B,5766,1989-10-27 13:21:03,1989.8193359375,-29.59000015258789,-49.810001373291016,62.709999084472656,0.8572999835014343,129.07000732421875,17.0,49.0,17.0,47.0,-30.110000610351562,-29.31999969482422,60.81999969482422,63.689998626708984,17.65999984741211,S,,,,,,V,1.0,22
15,16,5793,1989-11-17 00:00:00,1989.876708984375,-25.0,-11.0,198.0,0.492000013589859,159.39999389648438,504.0,290.0,14.0,Dko,B,5793,1989-11-14 05:44:00,1989.8677978515625,-25.979999542236328,-38.08000183105469,201.2899932861328,0.7311000227928162,130.52999877929688,72.0,661.0,51.0,479.0,-27.219999313354492,-25.68000030517578,197.02999877929688,202.3000030517578,18.010000228881836,,,,,P,,V,1.0,22
16,17,5867,1990-01-02 00:00:00,1990.002685546875,-24.0,37.0,0.0,0.6589999794960022,236.5,15.0,10.0,3.0,Axo,A,5867,1990-01-02 08:41:37,1990.0023193359375,-23.950000762939453,48.77000045776367,0.8500000238418579,0.7836999893188477,241.58999633789062,6.0,30.0,6.0,27.0,-23.350000381469727,-25.329999923706055,0.3499999940395355,2.009999990463257,-52.56999969482422,S,,T,,P,,V,1.0,22
17,18,6022,1990-04-20 00:00:00,1990.298583984375,31.0,3.0,343.0,0.5899999737739563,355.6000061035156,1152.0,714.0,,nan,B,6022,1990-04-20 12:25:47,1990.2987060546875,32.130001068115234,13.779999732971191,340.5799865722656,0.6410999894142151,341.4599914550781,208.0,1425.0,141.0,942.0,,,,,,,D,T,R,X,N,V,0.8602739572525024,22
18,19,6051,1990-05-07 00:00:00,1990.34521484375,-9.0,81.0,196.0,0.9869999885559082,261.3999938964844,16.0,50.0,4.0,Bxo,B,6051,1990-05-06 10:37:19,1990.34228515625,-9.760000228881836,80.9000015258789,197.32000732421875,0.9866999983787537,260.70001220703125,0.0,21.0,0.0,79.0,-9.5600004196167,-9.9399995803833,196.14999389648438,198.39999389648438,-9.859999656677246,,,,,,,V,1.0,22
19,20,6063,1990-05-16 00:00:00,1990.369873046875,33.0,-34.0,322.0,0.7400000095367432,39.29999923706055,863.0,642.0,,nan,BD,6063,1990-05-16 06:31:29,1990.3692626953125,34.9900016784668,-27.8700008392334,318.55999755859375,0.7184000015258789,32.349998474121094,176.0,985.0,134.0,719.0,,,,,,,W,,,X,,V,0.6834600567817688,22
20,21,6080,1990-05-30 00:00:00,1990.408203125,14.0,-51.0,120.0,0.7940000295639038,71.69999694824219,145.0,120.0,3.0,Dao,B,6080,1990-05-28 05:53:52,1990.402099609375,14.420000076293945,-68.37999725341797,119.63999938964844,0.9373000264167786,74.12999725341797,23.0,131.0,36.0,194.0,14.380000114440918,14.4399995803833,117.9800033569336,120.77999877929688,-1.2699999809265137,,,,,,,V,1.0,22
21,22,nan,,,,,,,,,,,nan,B,6137a,1990-07-07 08:23:31,1990.511962890625,21.520000457763672,42.970001220703125,60.20000076293945,0.7141000032424927,297.0799865722656,0.0,6.0,0.0,6.0,21.34000015258789,21.860000610351562,59.13999938964844,62.310001373291016,-9.920000076293945,S,,,,,,V,1.0,22
22,23,6149,1990-07-11 00:00:00,1990.5233154296875,-9.0,-74.0,261.0,0.9649999737739563,100.5,5.0,10.0,1.0,Axo,B,6149,1990-07-12 15:36:30,1990.5264892578125,-7.329999923706055,-46.4900016784668,260.5899963378906,0.7422000169754028,103.72000122070312,1.0,17.0,1.0,17.0,-8.079999923706055,-5.53000020980835,259.30999755859375,263.6700134277344,30.530000686645508,C,,,,,,V,1.0,22
23,24,6178,1990-07-26 00:00:00,1990.5643310546875,28.0,-15.0,122.0,0.4490000009536743,30.600000381469727,17.0,10.0,4.0,Axo,A,6178,1990-07-25 15:31:12,1990.56201171875,27.6299991607666,-13.859999656677246,121.2699966430664,0.43950000405311584,29.010000228881836,5.0,18.0,3.0,12.0,27.93000030517578,27.610000610351562,119.27999877929688,121.44999694824219,9.529999732971191,S,,,,,,V,1.0,22
24,25,6203,1990-08-12 00:00:00,1990.6109619140625,18.0,-63.0,209.0,0.8859999775886536,73.0999984741211,126.0,136.0,,nan,BG,6203,1990-08-12 08:08:17,1990.6104736328125,17.729999542236328,-53.81999969482422,207.32000732421875,0.8065000176429749,72.6500015258789,39.0,238.0,34.0,207.0,,,,,,,,,,X,N,V,0.5214105844497681,22
25,26,6220,1990-08-20 00:00:00,1990.6329345703125,-19.0,42.0,208.0,0.753000020980835,237.1999969482422,39.0,30.0,3.0,Bxo,B,6220,1990-08-20 06:34:06,1990.6322021484375,-18.31999969482422,51.97999954223633,208.24000549316406,0.8418999910354614,242.91000366210938,16.0,71.0,20.0,73.0,-18.959999084472656,-17.559999465942383,206.6300048828125,210.14999389648438,22.760000228881836,,,,,,,V,1.0,22
26,27,6241,1990-09-04 00:00:00,1990.6739501953125,-12.0,-14.0,314.0,0.40299999713897705,144.0,31.0,17.0,,nan,B,6241,1990-09-04 15:20:32,1990.67431640625,-12.710000038146973,1.9800000190734863,315.239990234375,0.3481999933719635,185.35000610351562,11.0,34.0,7.0,20.0,,,,,,,,,,X,N,V,0.8695651888847351,22
27,28,6255,1990-09-12 00:00:00,1990.6959228515625,21.0,60.0,282.0,0.8610000014305115,290.20001220703125,20.0,20.0,5.0,Axo,B,6255,1990-09-09 05:58:28,1990.68701171875,21.0,34.22999954223633,286.6199951171875,0.5874000191688538,296.17999267578125,8.0,22.0,6.0,15.0,21.68000030517578,20.899999618530273,285.1600036621094,286.8399963378906,26.360000610351562,,,,,,,V,1.0,22
28,29,6327A,1990-10-24 00:00:00,1990.8109130859375,38.0,-8.0,20.0,0.5559999942779541,11.399999618530273,16.0,10.0,4.0,Axo,B,6327a,1990-10-24 06:35:49,1990.810302734375,-36.810001373291016,2.5199999809265137,20.760000228881836,0.671500027179718,183.05999755859375,1.0,13.0,1.0,11.0,-37.86000061035156,-35.95000076293945,19.389999389648438,21.860000610351562,44.06999969482422,S,,,,,N,V,1.0,22
29,30,6334,1990-10-22 00:00:00,1990.805419921875,-11.0,-53.0,1.0,0.8209999799728394,107.19999694824219,22.0,20.0,5.0,Bxo,B,6334,1990-10-20 10:32:40,1990.7998046875,-11.390000343322754,-67.26000213623047,1.559999942779541,0.9350000023841858,104.41999816894531,0.0,11.0,0.0,18.0,-11.239999771118164,-11.430000305175781,0.9300000071525574,1.7400000095367432,-13.460000038146973,C,,,,,,V,1.0,22
30,31,6362,1990-11-09 00:00:00,1990.854736328125,10.0,-25.0,152.0,0.43299999833106995,73.80000305175781,144.0,80.0,16.0,Dai,BG,6362,1990-11-08 07:26:04,1990.8515625,9.029999732971191,-28.200000762939453,151.77000427246094,0.4794999957084656,77.6500015258789,53.0,172.0,32.0,108.0,8.890000343322754,9.239999771118164,150.3800048828125,153.89999389648438,-5.78000020980835,,,,,,,V,1.0,22
31,32,6388,1990-12-01 00:00:00,1990.9150390625,-7.0,-10.0,237.0,0.21799999475479126,127.80000305175781,78.0,40.0,10.0,Bxo,B,6388,1990-11-29 10:15:50,1990.909423828125,-7.360000133514404,-23.90999984741211,237.69000244140625,0.42980000376701355,109.98999786376953,16.0,96.0,10.0,58.0,-6.900000095367432,-7.96999979019165,236.58999633789062,239.1300048828125,-22.889999389648438,,,,,,,V,1.0,22
32,33,6451,1991-01-14 00:00:00,1991.03564453125,14.0,18.0,45.0,0.4350000023841858,316.5,72.0,40.0,8.0,Bxo,B,6451,1991-01-13 11:41:56,1991.0328369140625,12.829999923706055,18.020000457763672,46.040000915527344,0.4221999943256378,314.2699890136719,19.0,51.0,12.0,31.0,12.6899995803833,13.050000190734863,44.36000061035156,48.779998779296875,-4.71999979019165,,,,,,,V,1.0,22
33,34,6454,1991-01-16 00:00:00,1991.0411376953125,28.0,-32.0,329.0,0.7080000042915344,41.400001525878906,70.0,50.0,7.0,Cao,B,6454,1991-01-15 14:27:37,1991.0386962890625,27.850000381469727,-31.6200008392334,328.5400085449219,0.703499972820282,41.380001068115234,25.0,132.0,20.0,96.0,27.860000610351562,27.68000030517578,328.3399963378906,331.6000061035156,3.640000104904175,,,,,,,V,1.0,22
34,35,6494,1991-02-11 00:00:00,1991.1123046875,22.0,-20.0,359.0,0.5699999928474426,33.79999923706055,16.0,10.0,3.0,Bxo,B,6494,1991-02-11 08:24:08,1991.1119384765625,21.81999969482422,-8.15999984741211,359.8299865722656,0.4959999918937683,15.460000038146973,11.0,28.0,7.0,18.0,21.610000610351562,21.899999618530273,358.1499938964844,0.47999998927116394,-7.739999771118164,S,,,,,,V,1.0,22
35,36,6536,1991-03-07 00:00:00,1991.1781005859375,17.0,-59.0,4.0,0.8920000195503235,66.80000305175781,135.0,150.0,8.0,Cao,B,6536,1991-03-05 07:15:52,1991.172119140625,17.709999084472656,-75.26000213623047,3.5799999237060547,0.9793999791145325,70.1500015258789,6.0,97.0,18.0,261.0,18.770000457763672,16.010000228881836,1.7899999618530273,6.460000038146973,31.850000381469727,,,,,,,V,1.0,22
36,37,6582,1991-04-17 00:00:00,1991.2904052734375,-25.0,18.0,260.0,0.4410000145435333,219.39999389648438,340.0,190.0,21.0,Cso,B,6582,1991-04-16 10:15:33,1991.2874755859375,-24.6200008392334,20.479999542236328,263.7799987792969,0.4636000096797943,223.41000366210938,63.0,449.0,39.0,270.0,-24.84000015258789,-24.549999237060547,258.8599853515625,265.1300048828125,2.869999885559082,,,,,,,V,1.0,22
37,38,6615,1991-05-10 00:00:00,1991.3533935546875,-9.0,52.0,350.0,0.7879999876022339,260.8999938964844,2166.0,1760.0,29.0,Dkc,BGD,6615,1991-05-09 06:42:28,1991.35009765625,-9.369999885559082,51.22999954223633,352.57000732421875,0.7814000248908997,260.6499938964844,337.0,2597.0,278.0,2079.0,-8.210000038146973,-9.380000114440918,340.989990234375,352.6000061035156,-5.789999961853027,,,T,R,P,,V,1.0,22
38,39,6638,1991-05-22 00:00:00,1991.3863525390625,18.0,2.0,141.0,0.33799999952316284,354.3999938964844,244.0,130.0,18.0,Cao,B,6638,1991-05-22 10:38:41,1991.3861083984375,17.209999084472656,16.739999771118164,143.97999572753906,0.4311999976634979,320.3500061035156,65.0,377.0,41.0,218.0,18.010000228881836,16.700000762939453,139.3300018310547,146.9499969482422,10.210000038146973,,,,,,,V,1.0,22
39,40,6643,1991-05-22 00:00:00,1991.3863525390625,-26.0,-52.0,87.0,0.824999988079071,120.80000305175781,22.0,20.0,2.0,Axo,B,6643,1991-05-22 10:38:41,1991.3861083984375,-25.290000915527344,-41.970001220703125,85.29000091552734,0.7300999760627747,123.83999633789062,0.0,8.0,0.0,7.0,-25.809999465942383,-24.90999984741211,84.12000274658203,86.12000274658203,26.520000457763672,C,,,,,,V,1.0,22
40,41,nan,,,,,,,,,,,nan,B,6656a,1991-05-24 07:53:36,1991.391357421875,-14.59000015258789,-47.7400016784668,54.529998779296875,0.7554000020027161,108.05000305175781,0.0,6.0,0.0,6.0,-14.649999618530273,-14.460000038146973,53.599998474121094,56.380001068115234,4.130000114440918,S,,,,,,V,1.0,22
41,42,6692,1991-06-23 00:00:00,1991.4739990234375,-9.0,-79.0,357.0,0.9829999804496765,99.5999984741211,10.0,30.0,5.0,Bxo,B,6692,1991-06-22 16:34:36,1991.4718017578125,-8.579999923706055,-77.87000274658203,355.80999755859375,0.9797999858856201,99.18000030517578,3.0,23.0,9.0,63.0,-6.300000190734863,-9.640000343322754,353.6700134277344,356.80999755859375,-47.060001373291016,,,,,,,V,1.0,22
42,43,6713,1991-07-04 00:00:00,1991.504150390625,34.0,-63.0,227.0,0.9129999876022339,54.0,212.0,260.0,6.0,Dko,B,6713,1991-07-02 15:36:25,1991.4990234375,34.47999954223633,-74.72000122070312,227.1300048828125,0.9702000021934509,55.13999938964844,23.0,162.0,49.0,358.0,,,,,,,,,,P,,V,1.0,22
43,44,6729,1991-07-16 00:00:00,1991.5369873046875,-22.0,-65.0,66.0,0.9330000281333923,115.69999694824219,158.0,220.0,9.0,Dao,BD,6729,1991-07-15 13:24:37,1991.534423828125,-22.09000015258789,-64.19000244140625,66.83999633789062,0.9290000200271606,115.93000030517578,30.0,180.0,44.0,254.0,-23.170000076293945,-22.049999237060547,64.93000030517578,66.91999816894531,31.389999389648438,,,,,,,V,1.0,22
44,45,6743,1991-07-25 00:00:00,1991.5616455078125,-2.0,51.0,63.0,0.7820000052452087,263.1000061035156,37.0,30.0,5.0,Cro,B,6743,1991-07-23 17:24:41,1991.5567626953125,-1.840000033378601,40.599998474121094,63.59000015258789,0.6603999733924866,261.2900085449219,17.0,64.0,12.0,46.0,-2.180000066757202,-0.75,63.279998779296875,64.58999633789062,47.400001525878906,,,,,,,V,1.0,22
45,46,6774,1991-08-10 00:00:00,1991.60546875,4.0,-71.0,90.0,0.9440000057220459,88.0,92.0,140.0,7.0,Dao,B,6774,1991-08-10 09:49:10,1991.605224609375,4.139999866485596,-58.95000076293945,90.1500015258789,0.8561999797821045,89.01000213623047,22.0,147.0,23.0,150.0,3.5399999618530273,4.900000095367432,88.63999938964844,92.06999969482422,-21.65999984741211,,,,,,,V,1.0,22
46,47,6776,1991-08-12 00:00:00,1991.6109619140625,-22.0,-71.0,63.0,0.9660000205039978,114.9000015258789,15.0,30.0,4.0,Bxo,B,6776,1991-08-11 06:49:40,1991.607666015625,-22.649999618530273,-74.56999969482422,62.959999084472656,0.9800000190734863,114.7699966430664,0.0,13.0,0.0,37.0,-22.8700008392334,-22.520000457763672,60.5,64.45999908447266,5.449999809265137,C,,,,,,V,1.0,22
47,48,6842,1991-09-24 00:00:00,1991.728759765625,-10.0,-31.0,255.0,0.5770000219345093,118.4000015258789,60.0,37.0,,nan,B,6842,1991-09-24 13:41:21,1991.72900390625,-9.210000038146973,-13.680000305175781,258.8800048828125,0.3628999888896942,139.8000030517578,20.0,164.0,13.0,92.0,,,,,,,,T,R,X,N,V,0.9200000166893005,22
48,49,6916,1991-11-08 00:00:00,1991.85205078125,-22.0,-47.0,6.0,0.7929999828338623,121.30000305175781,24.0,20.0,2.0,Bxo,B,6916,1991-11-07 07:45:06,1991.848876953125,-22.610000610351562,-49.83000183105469,5.579999923706055,0.8245999813079834,120.94000244140625,14.0,27.0,12.0,26.0,-21.899999618530273,-23.579999923706055,4.590000152587891,6.940000057220459,-37.779998779296875,,,,,,,V,1.0,22
49,50,6953,1991-12-03 00:00:00,1991.9205322265625,-19.0,-64.0,19.0,0.9110000133514404,111.0999984741211,8.0,10.0,2.0,Axo,A,6953,1991-12-03 11:42:11,1991.9205322265625,-20.489999771118164,-51.2599983215332,19.270000457763672,0.8149999976158142,116.0199966430664,1.0,20.0,1.0,20.0,-21.309999465942383,-20.290000915527344,15.720000267028809,20.15999984741211,13.90999984741211,S,,,,,,V,1.0,22
50,51,7012,1992-01-16 00:00:00,1992.0411376953125,-9.0,-78.0,145.0,0.9760000109672546,98.19999694824219,34.0,80.0,8.0,Cao,B,7012,1992-01-16 09:04:17,1992.040771484375,-9.970000267028809,-65.44000244140625,146.94000244140625,0.9081000089645386,98.8499984741211,0.0,80.0,0.0,94.0,-10.09000015258789,-9.630000114440918,146.1300048828125,149.3000030517578,8.319999694824219,,,,,P,,V,1.0,22
51,52,7062,1992-02-16 00:00:00,1992.1259765625,-8.0,16.0,191.0,0.27399998903274536,265.1000061035156,19.0,10.0,3.0,Axo,B,7062,1992-02-17 11:20:45,1992.128662109375,-10.859999656677246,39.56999969482422,189.3800048828125,0.6352999806404114,261.2900085449219,21.0,115.0,13.0,72.0,-9.680000305175781,-11.699999809265137,188.52999877929688,189.97999572753906,-54.75,S,,T,,P,N,V,1.0,22
52,53,7091,1992-03-09 00:00:00,1992.186279296875,-10.0,-49.0,197.0,0.7490000128746033,97.0,137.0,104.0,,nan,BD,7091,1992-03-09 12:26:11,1992.1864013671875,-9.520000457763672,-35.0099983215332,197.5800018310547,0.5712000131607056,96.20999908447266,44.0,339.0,27.0,205.0,,,,,,,W,T,,X,,V,0.7400721907615662,22
53,54,7112,1992-03-24 00:00:00,1992.2274169921875,1.0,62.0,110.0,0.8859999775886536,274.70001220703125,18.0,20.0,3.0,Bxo,B,7112,1992-03-21 05:06:00,1992.2183837890625,0.4000000059604645,28.979999542236328,107.41999816894531,0.49950000643730164,283.2099914550781,7.0,25.0,4.0,14.0,0.28999999165534973,0.6800000071525574,106.5199966430664,109.68000030517578,-7.039999961853027,S,E,,,,,V,1.0,22
54,55,7235,1992-07-24 00:00:00,1992.5616455078125,-5.0,66.0,301.0,0.9190000295639038,262.20001220703125,31.0,40.0,2.0,Hro,B,7235,1992-07-23 06:33:18,1992.5582275390625,-4.309999942779541,62.7599983215332,300.94000244140625,0.8959000110626221,262.57000732421875,7.0,29.0,8.0,32.0,-3.5299999713897705,-4.369999885559082,298.6099853515625,301.1099853515625,-18.56999969482422,,,,,,,V,1.0,22
55,56,7241,1992-08-05 00:00:00,1992.594482421875,14.0,43.0,119.0,0.6819999814033508,283.8999938964844,336.0,230.0,18.0,Dsi,B,7241,1992-08-03 06:32:06,1992.58837890625,13.880000114440918,26.290000915527344,118.98999786376953,0.45680001378059387,289.0199890136719,48.0,602.0,28.0,334.0,15.050000190734863,13.739999771118164,117.97000122070312,119.11000061035156,50.060001373291016,,,,,,,V,1.0,22
56,57,7250,1992-08-03 00:00:00,1992.5889892578125,24.0,-64.0,38.0,0.8970000147819519,66.19999694824219,17.0,20.0,2.0,Bxo,B,7250,1992-08-02 05:49:15,1992.5855712890625,23.959999084472656,-68.93000030517578,37.380001068115234,0.9301000237464905,66.51000213623047,0.0,20.0,0.0,26.0,24.329999923706055,23.530000686645508,34.630001068115234,40.59000015258789,8.319999694824219,,,,,,,V,1.0,22
57,58,7298,1992-10-02 00:00:00,1992.75341796875,17.0,-42.0,348.0,0.6729999780654907,71.9000015258789,207.0,140.0,14.0,Dai,B,7298,1992-10-09 12:33:32,1992.772705078125,18.149999618530273,63.16999816894531,347.6700134277344,0.8892999887466431,287.29998779296875,36.0,238.0,38.0,257.0,19.600000381469727,16.940000534057617,344.8599853515625,350.0199890136719,28.450000762939453,,,,,,,V,1.0,22
58,59,7310,1992-10-17 00:00:00,1992.7945556640625,8.0,-19.0,173.0,0.32600000500679016,81.5999984741211,113.0,60.0,13.0,Dso,B,7310,1992-10-16 13:23:02,1992.7919921875,7.340000152587891,-17.65999984741211,174.02000427246094,0.30410000681877136,83.86000061035156,26.0,135.0,14.0,70.0,7.949999809265137,7.059999942779541,171.39999389648438,175.22000122070312,13.350000381469727,,,,,,,V,1.0,22
59,60,7321,1992-10-27 00:00:00,1992.8218994140625,-24.0,11.0,71.0,0.5090000033378601,200.0,1583.0,920.0,27.0,Dkc,BGD,7321,1992-10-27 07:50:12,1992.8214111328125,-25.100000381469727,21.25,70.91999816894531,0.5950000286102295,213.63999938964844,417.0,2492.0,258.0,1533.0,-22.90999984741211,-25.170000076293945,67.7300033569336,71.0199966430664,-37.15999984741211,,,T,R,P,,V,1.0,22
60,61,7324,1992-11-02 00:00:00,1992.83837890625,16.0,9.0,350.0,0.25600001215934753,324.1000061035156,96.0,50.0,13.0,Cao,B,7324,1992-11-01 08:55:25,1992.835205078125,15.449999809265137,6.659999847412109,349.7799987792969,0.2257000058889389,330.20001220703125,14.0,143.0,7.0,75.0,14.979999542236328,16.149999618530273,349.0,350.9700012207031,-31.6299991607666,,,,,P,N,V,1.0,22
61,62,7338,1992-11-13 00:00:00,1992.8685302734375,5.0,33.0,229.0,0.5440000295639038,274.79998779296875,33.0,20.0,2.0,Bxo,B,7338,1992-11-11 07:29:02,1992.862548828125,6.190000057220459,15.470000267028809,227.5500030517578,0.27300000190734863,281.6499938964844,0.0,25.0,0.0,13.0,7.210000038146973,5.010000228881836,226.83999633789062,228.3800048828125,55.18000030517578,S,,,,,,V,1.0,22
62,63,7359,1992-12-06 00:00:00,1992.9315185546875,28.0,-33.0,220.0,0.671999990940094,45.70000076293945,29.0,20.0,4.0,Bxo,B,7359,1992-12-06 12:14:34,1992.9315185546875,-28.309999465942383,-18.969999313354492,220.99000549316406,0.5577999949455261,149.0399932861328,0.0,34.0,0.0,20.0,-28.59000015258789,-27.899999618530273,219.80999755859375,222.75,14.930000305175781,S,,,,,,V,1.0,22
63,64,7365,1992-12-14 00:00:00,1992.953369140625,-21.0,45.0,192.0,0.7459999918937683,242.3000030517578,119.0,90.0,1.0,Axo,B,7365,1992-12-10 05:47:00,1992.9417724609375,-21.1200008392334,4.400000095367432,195.19000244140625,0.3652999997138977,191.41000366210938,55.0,247.0,29.0,131.0,-21.760000228881836,-20.739999771118164,192.39999389648438,196.86000061035156,13.829999923706055,,,,,,,V,1.0,22
64,65,7427,1993-02-19 00:00:00,1993.13427734375,-20.0,-24.0,321.0,0.4480000138282776,121.5,160.0,90.0,15.0,Cao,B,7427,1993-02-18 11:22:29,1993.1314697265625,-19.3700008392334,-24.229999542236328,321.6300048828125,0.4496999979019165,120.19000244140625,23.0,334.0,13.0,183.0,-19.520000457763672,-19.25,320.2099914550781,322.8500061035156,6.28000020980835,,,,,,,V,1.0,22
65,66,7430,1993-02-25 00:00:00,1993.150634765625,9.0,48.0,314.0,0.7720000147819519,287.8999938964844,178.0,140.0,15.0,Bxo,B,7430,1993-02-24 10:25:56,1993.1478271484375,8.460000038146973,48.060001373291016,315.45001220703125,0.7720999717712402,287.30999755859375,54.0,360.0,40.0,284.0,9.020000457763672,7.760000228881836,312.8399963378906,318.739990234375,12.260000228881836,,,,,,,V,1.0,22
66,67,7506,1993-05-17 00:00:00,1993.37255859375,13.0,-12.0,265.0,0.3319999873638153,37.599998474121094,18.0,10.0,3.0,Axo,B,7506,1993-05-17 11:59:04,1993.37255859375,13.279999732971191,0.6200000047683716,264.9700012207031,0.26969999074935913,357.760009765625,7.0,37.0,4.0,18.0,14.399999618530273,12.729999542236328,263.82000732421875,265.5299987792969,45.06999969482422,,,,,P,N,V,1.0,22
67,68,nan,,,,,,,,,,,nan,B,7510a,1993-05-26 08:08:23,1993.3968505859375,3.880000114440918,2.7699999809265137,150.1699981689453,0.1039000004529953,332.92999267578125,1.0,7.0,1.0,3.0,3.4100000858306885,4.110000133514404,148.77999877929688,150.86000061035156,-18.639999389648438,S,,,,,,V,1.0,22
68,69,7562,1993-08-13 00:00:00,1993.6136474609375,9.0,62.0,255.0,0.878000020980835,276.70001220703125,210.0,220.0,15.0,Dai,B,7562,1993-08-13 06:08:04,1993.613037109375,9.619999885559082,73.38999938964844,256.5400085449219,0.9546999931335449,278.07000732421875,30.0,236.0,51.0,403.0,9.720000267028809,9.479999542236328,254.55999755859375,259.4200134277344,2.7699999809265137,,,,,,,V,1.0,22
69,70,7581,1993-09-19 00:00:00,1993.715087890625,-12.0,-29.0,35.0,0.5680000185966492,123.4000015258789,98.0,60.0,17.0,Dro,B,7581,1993-09-16 09:31:43,1993.70654296875,-11.460000038146973,-57.45000076293945,34.65999984741211,0.8690000176429749,107.66999816894531,18.0,70.0,18.0,70.0,-11.880000114440918,-10.609999656677246,34.59000015258789,34.83000183105469,79.56999969482422,,,,,,,V,1.0,22
70,71,7617,1993-11-07 00:00:00,1993.849365234375,-18.0,-56.0,81.0,0.859000027179718,113.4000015258789,30.0,30.0,5.0,Bxo,B,7617,1993-11-06 13:28:20,1993.8468017578125,-20.239999771118164,-52.68000030517578,84.4800033569336,0.8407999873161316,117.16000366210938,3.0,18.0,3.0,16.0,-19.799999237060547,-20.979999542236328,84.30000305175781,84.77999877929688,-69.11000061035156,S,,T,,,,V,1.0,22
71,72,nan,,,,,,,,,,,nan,B,7617m,1993-11-08 07:18:12,1993.8515625,-13.899999618530273,-32.540000915527344,81.6500015258789,0.5996999740600586,119.11000061035156,1.0,10.0,0.0,6.0,-14.739999771118164,-13.050000190734863,80.5,82.79000091552734,37.279998779296875,S,,,,,,V,1.0,22
72,73,7628,1993-12-02 00:00:00,1993.9178466796875,-21.0,68.0,236.0,0.9380000233650208,247.3000030517578,13.0,20.0,2.0,Axo,A,7628,1993-12-01 12:25:45,1993.9151611328125,-20.290000915527344,66.01000213623047,234.24000549316406,0.9279999732971191,247.66000366210938,4.0,28.0,5.0,37.0,-19.780000686645508,-20.3700008392334,232.24000549316406,234.5500030517578,-15.15999984741211,S,,,,,,V,1.0,22
73,74,nan,,,,,,,,,,,nan,B,7704m,1994-04-25 08:59:35,1994.31201171875,1.2200000286102295,-5.0,54.2400016784668,0.13590000569820404,40.060001373291016,1.0,7.0,1.0,4.0,1.3700000047683716,0.7599999904632568,53.91999816894531,55.220001220703125,25.139999389648438,S,,,,,,V,1.0,22
74,75,7707,1994-04-30 00:00:00,1994.3260498046875,-1.0,72.0,76.0,0.9509999752044678,270.29998779296875,24.0,40.0,4.0,Cro,B,7707,1994-04-29 05:46:45,1994.3226318359375,-0.9700000286102295,69.7300033569336,77.9000015258789,0.939300000667572,270.5799865722656,6.0,26.0,9.0,37.0,-0.9300000071525574,-1.0700000524520874,77.06999969482422,80.12999725341797,-2.6600000858306885,,E,,,,,V,1.0,22
75,76,7718,1994-05-07 00:00:00,1994.34521484375,9.0,-33.0,239.0,0.5759999752044678,69.0999984741211,16.0,10.0,2.0,Axo,A,7718,1994-05-06 14:11:39,1994.3427734375,10.199999809265137,-31.850000381469727,238.97000122070312,0.5697000026702881,66.16999816894531,2.0,7.0,1.0,4.0,10.390000343322754,9.640000343322754,238.50999450683594,240.36000061035156,22.389999389648438,S,,,,,,V,1.0,22
76,77,7831,1995-01-21 00:00:00,1995.0548095703125,-1.0,9.0,101.0,0.17299999296665192,295.20001220703125,39.0,20.0,3.0,Cro,B,7831,1995-01-20 06:36:00,1995.0513916015625,-0.23000000417232513,5.269999980926514,100.47000122070312,0.12520000338554382,312.489990234375,6.0,34.0,3.0,17.0,0.03999999910593033,-0.5299999713897705,99.7699966430664,101.25,-21.190000534057617,S,E,,,,,V,1.0,22
77,78,7741,1994-06-26 00:00:00,1994.482177734375,4.0,6.0,336.0,0.1080000028014183,284.5,19.0,10.0,3.0,Bxo,B,7741,1994-06-26 13:10:26,1994.4822998046875,4.199999809265137,19.079999923706055,335.8299865722656,0.32919999957084656,276.07000732421875,2.0,14.0,1.0,7.0,4.519999980926514,3.950000047683716,334.8900146484375,336.55999755859375,18.81999969482422,S,,,,,,V,1.0,22
78,79,7746,1994-07-09 00:00:00,1994.517822265625,11.0,-2.0,156.0,0.1289999932050705,15.399999618530273,138.0,70.0,,nan,BD,7746,1994-07-09 15:23:11,1994.5181884765625,11.079999923706055,13.510000228881836,156.97999572753906,0.26460000872612,299.6199951171875,33.0,249.0,16.0,128.0,,,,,,,,,,X,,V,0.5378151535987854,22
79,80,7755,1994-07-13 00:00:00,1994.52880859375,6.0,8.0,113.0,0.1420000046491623,282.6000061035156,19.0,10.0,1.0,Bxo,A,7755,1994-07-14 10:19:07,1994.5313720703125,7.599999904632568,34.61000061035156,114.7300033569336,0.569599986076355,277.2099914550781,1.0,8.0,0.0,5.0,7.480000019073486,8.100000381469727,114.22000122070312,116.75,-13.979999542236328,S,,,,,,V,1.0,22
80,81,7762,1994-08-04 00:00:00,1994.5889892578125,6.0,-66.0,108.0,0.9110000133514404,86.19999694824219,132.0,160.0,9.0,Dso,B,7762,1994-08-03 10:29:17,1994.586181640625,5.03000020980835,-66.62999725341797,108.79000091552734,0.9164000153541565,87.08999633789062,23.0,145.0,28.0,181.0,4.570000171661377,5.590000152587891,106.61000061035156,111.5199966430664,-11.75,,,,,,,V,1.0,22
81,82,7788,1994-10-15 00:00:00,1994.7862548828125,-1.0,31.0,334.0,0.5249999761581421,258.6000061035156,51.0,30.0,10.0,Bxo,B,7788,1994-10-14 13:33:47,1994.78369140625,-0.5600000023841858,33.16999816894531,336.05999755859375,0.5572999715805054,260.0799865722656,13.0,95.0,8.0,57.0,0.4000000059604645,-0.9700000286102295,333.510009765625,337.1400146484375,-20.610000610351562,,E,,,,,V,1.0,22
82,83,7827,1995-01-20 00:00:00,1995.052001953125,-8.0,5.0,110.0,0.0989999994635582,240.3000030517578,378.0,190.0,19.0,Cao,BGD,7827,1995-01-18 12:52:02,1995.046630859375,-7.440000057220459,-4.340000152587891,113.75,0.08990000188350677,123.81999969482422,82.0,568.0,41.0,282.0,-7.150000095367432,-7.480000019073486,109.13999938964844,114.44000244140625,-3.6600000858306885,,,,,,,V,1.0,22
83,84,7832,1995-02-01 00:00:00,1995.0849609375,-19.0,65.0,12.0,0.9020000100135803,251.8000030517578,69.0,80.0,8.0,Cso,B,7832,1995-01-31 12:07:35,1995.0821533203125,-19.479999542236328,63.529998779296875,10.859999656677246,0.8928999900817871,251.1300048828125,19.0,115.0,21.0,129.0,-19.780000686645508,-19.200000762939453,8.609999656677246,12.880000114440918,8.1899995803833,,,,,,,V,1.0,22
84,85,nan,,,,,,,,,,,nan,B,7861a,1995-03-30 13:22:15,1995.2412109375,-7.300000190734863,-19.790000915527344,242.74000549316406,0.3379000127315521,93.1500015258789,2.0,9.0,1.0,5.0,-6.650000095367432,-7.739999771118164,242.6300048828125,242.82000732421875,-80.19000244140625,S,,T,,,,V,1.0,22
85,86,7860,1995-04-03 00:00:00,1995.2520751953125,-1.0,41.0,264.0,0.6589999794960022,275.70001220703125,45.0,30.0,5.0,Dro,B,7860,1995-04-03 06:33:52,1995.25146484375,-1.5,52.099998474121094,265.5899963378906,0.7919999957084656,273.1199951171875,19.0,93.0,16.0,76.0,-1.159999966621399,-1.850000023841858,264.17999267578125,267.0899963378906,-13.369999885559082,,,,,,,V,1.0,22
86,87,7872,1995-05-15 00:00:00,1995.3670654296875,13.0,-68.0,320.0,0.9350000023841858,75.0999984741211,14.0,20.0,2.0,Bxo,B,7872,1995-05-15 11:55:30,1995.3670654296875,11.0600004196167,-53.08000183105469,322.6400146484375,0.8165000081062317,74.4000015258789,4.0,11.0,3.0,10.0,11.630000114440918,10.920000076293945,319.8800048828125,323.3299865722656,11.84000015258789,,,,,,,V,1.0,22
87,88,7881,1995-06-19 00:00:00,1995.4630126953125,1.0,-13.0,272.0,0.22499999403953552,92.9000015258789,19.0,10.0,2.0,Axo,A,7881,1995-06-18 15:29:10,1995.460693359375,0.8700000047683716,-10.960000038146973,272.8699951171875,0.1914999932050705,92.45999908447266,6.0,14.0,3.0,8.0,0.1899999976158142,1.5499999523162842,272.1499938964844,273.5799865722656,-43.56999969482422,S,,,,,,V,1.0,22
88,89,7884,1995-06-30 00:00:00,1995.4931640625,3.0,-5.0,135.0,0.08699999749660492,89.19999694824219,0.0,0.0,1.0,Axo,A,7884,1995-06-29 08:05:22,1995.489990234375,3.180000066757202,-7.889999866485596,134.4199981689453,0.13899999856948853,86.31999969482422,2.0,5.0,1.0,3.0,4.659999847412109,2.440000057220459,133.91000366210938,134.67999267578125,70.9000015258789,S,,T,,,,V,1.0,22
89,90,7893,1995-07-26 00:00:00,1995.5643310546875,-17.0,-31.0,125.0,0.6150000095367432,126.80000305175781,15.0,10.0,2.0,Bxo,B,7893,1995-07-27 05:49:55,1995.56640625,-16.579999923706055,-7.119999885559082,125.88999938964844,0.3935999870300293,162.4499969482422,3.0,10.0,1.0,5.0,-17.770000457763672,-15.729999542236328,124.5999984741211,126.80000305175781,43.880001068115234,S,,,,,,V,1.0,22
90,91,7899,1995-08-13 00:00:00,1995.6136474609375,-19.0,-63.0,215.0,0.9210000038146973,113.9000015258789,7.0,10.0,2.0,Axo,B,7899,1995-08-16 04:58:00,1995.62109375,-17.43000030517578,-14.770000457763672,214.25999450683594,0.47440001368522644,149.0399932861328,5.0,20.0,2.0,12.0,-16.950000762939453,-17.59000015258789,212.25999450683594,214.92999267578125,-13.899999618530273,,,,,,,V,1.0,22
91,92,7902,1995-08-26 00:00:00,1995.6492919921875,-10.0,28.0,134.0,0.5400000214576721,238.8000030517578,50.0,30.0,7.0,Dao,B,7902,1995-08-25 07:11:49,1995.64599609375,-9.630000114440918,25.850000381469727,134.72000122070312,0.5121999979019165,237.3800048828125,41.0,121.0,24.0,71.0,-9.199999809265137,-9.890000343322754,132.8000030517578,135.85000610351562,-12.84000015258789,,,,,,,V,1.0,22
92,93,7912,1995-10-13 00:00:00,1995.78076171875,-10.0,-50.0,142.0,0.7910000085830688,107.5,428.0,350.0,14.0,Eko,B,7912,1995-10-13 08:58:22,1995.780517578125,-10.029999732971191,-36.95000076293945,144.07000732421875,0.6468999981880188,113.55999755859375,117.0,892.0,77.0,582.0,-9.479999542236328,-10.550000190734863,140.33999633789062,147.52999877929688,-8.5600004196167,,,,,,,V,1.0,22
93,94,7915,1995-10-17 00:00:00,1995.791748046875,1.0,23.0,162.0,0.3970000147819519,259.5,18.0,10.0,3.0,Bxo,B,7915,1995-10-16 07:46:43,1995.78857421875,0.3700000047683716,21.450000762939453,163.5800018310547,0.37770000100135803,256.5299987792969,5.0,14.0,2.0,8.0,0.8500000238418579,0.20999999344348907,162.5800018310547,163.89999389648438,26.09000015258789,S,,,,,,V,1.0,22
94,95,7926,1995-11-19 00:00:00,1995.8822021484375,7.0,-53.0,11.0,0.7990000247955322,82.9000015258789,72.0,60.0,5.0,Cso,B,7926,1995-11-17 05:07:00,1995.8759765625,6.78000020980835,-69.69999694824219,11.90999984741211,0.9380000233650208,83.7300033569336,6.0,78.0,9.0,111.0,6.710000038146973,6.829999923706055,9.699999809265137,13.3100004196167,-1.9900000095367432,,,,,,,V,1.0,22
95,96,7933,1995-12-28 00:00:00,1995.989013671875,-9.0,6.0,276.0,0.1509999930858612,223.3000030517578,39.0,20.0,3.0,Bxo,B,7933,1995-12-27 06:03:00,1995.985595703125,-10.760000228881836,1.6299999952316284,275.6400146484375,0.14959999918937683,191.19000244140625,16.0,71.0,8.0,35.0,-11.079999923706055,-9.479999542236328,275.30999755859375,276.9800109863281,44.279998779296875,,,,,,,V,1.0,22
96,97,7948,1996-02-26 00:00:00,1996.1534423828125,9.0,40.0,234.0,0.6819999814033508,291.5,87.0,60.0,8.0,Cao,B,7948,1996-02-25 08:23:35,1996.1502685546875,9.899999618530273,32.75,235.39999389648438,0.6011999845504761,297.25,17.0,123.0,9.0,75.0,9.600000381469727,10.050000190734863,232.47000122070312,236.80999755859375,-6.070000171661377,,,,,,,,1.0,22
97,98,7955,1996-04-04 00:00:00,1996.257568359375,0.0,70.0,123.0,0.9399999976158142,272.29998779296875,13.0,20.0,4.0,Bxo,B,7955,1996-04-03 10:28:26,1996.254638671875,0.28999999165534973,62.75,123.36000061035156,0.892300009727478,273.6099853515625,15.0,39.0,16.0,42.0,1.0,-0.15000000596046448,121.33000183105469,124.62999725341797,19.239999771118164,,E,,,,,,1.0,22
98,99,7961,1996-05-07 00:00:00,1996.347900390625,13.0,2.0,340.0,0.28299999237060547,353.1000061035156,19.0,10.0,5.0,Bxo,B,7961,1996-05-06 05:15:05,1996.344482421875,12.90999984741211,-8.369999885559082,339.239990234375,0.31869998574256897,26.610000610351562,2.0,16.0,2.0,9.0,13.140000343322754,12.800000190734863,337.9700012207031,339.8599853515625,10.520000457763672,S,,,,,,,1.0,22
99,100,8022,1997-03-15 00:00:00,1997.199951171875,-5.0,21.0,201.0,0.3580000102519989,274.70001220703125,56.0,30.0,2.0,Bxo,B,8022,1997-03-17 13:47:03,1997.2056884765625,-4.070000171661377,57.33000183105469,202.74000549316406,0.8414999842643738,269.75,5.0,35.0,5.0,33.0,-3.559999942779541,-4.230000019073486,200.11000061035156,203.5800018310547,-10.899999618530273,,,,,,,,1.0,22
100,101,8023,1997-03-19 00:00:00,1997.2109375,-10.0,22.0,149.0,0.37400001287460327,260.70001220703125,0.0,0.0,2.0,Axx,A,8023,1997-03-18 07:27:22,1997.2076416015625,-10.020000457763672,13.34000015258789,149.0500030517578,0.23479999601840973,256.54998779296875,6.0,14.0,3.0,7.0,-9.430000305175781,-10.470000267028809,148.83999633789062,149.1999969482422,-71.18000030517578,S,,T,,,,,1.0,22
101,102,8038,1997-05-14 00:00:00,1997.3643798828125,20.0,31.0,137.0,0.6150000095367432,308.1000061035156,35.0,22.0,,nan,B,8038,1997-05-14 10:24:09,1997.3642578125,20.479999542236328,37.56999969482422,139.02000427246094,0.6909999847412109,303.95001220703125,9.0,46.0,6.0,32.0,,,,,,,,,,X,,,0.31683167815208435,23
102,103,8056,1997-06-26 00:00:00,1997.482177734375,17.0,18.0,276.0,0.3889999985694885,310.6000061035156,73.0,40.0,12.0,Cro,B,8056,1997-06-26 15:59:34,1997.482666015625,17.579999923706055,30.309999465942383,279.6300048828125,0.5532000064849854,299.2099914550781,23.0,107.0,14.0,64.0,19.0,17.010000228881836,276.1600036621094,281.0199890136719,23.229999542236328,,,,,,,,1.0,23
103,104,nan,,,,,,,,,,,nan,B,8063a,1997-07-27 14:05:18,1997.5673828125,-23.3700008392334,26.469999313354492,226.6199951171875,0.6276000142097473,220.8800048828125,0.0,8.0,0.0,5.0,,,,,,S,,T,,,,V,1.0,23
104,105,8102,1997-11-03 00:00:00,1997.83837890625,30.0,-12.0,328.0,0.4740000069141388,22.299999237060547,88.0,50.0,7.0,Cao,B,8102,1997-11-02 07:36:51,1997.8350830078125,29.600000381469727,-22.6200008392334,327.04998779296875,0.5497000217437744,37.630001068115234,14.0,59.0,9.0,35.0,29.450000762939453,29.8700008392334,326.1199951171875,328.8500061035156,-9.859999656677246,S,,,,,,,1.0,23
105,106,nan,,,,,,,,,,,nan,B,8205a,1998-04-21 06:26:57,1998.30078125,-0.5899999737739563,0.029999999329447746,270.0899963378906,0.0786999985575676,359.6199951171875,3.0,9.0,1.0,4.0,-1.100000023841858,0.9599999785423279,269.8299865722656,270.8800048828125,62.9900016784668,S,E,,,,,,1.0,22
106,107,8210,1998-05-06 00:00:00,1998.3424072265625,-17.0,60.0,136.0,0.8690000176429749,252.39999389648438,475.0,480.0,10.0,Dko,GD,8210,1998-05-05 06:21:01,1998.339111328125,-16.1200008392334,50.66999816894531,135.8000030517578,0.7821999788284302,252.27999877929688,118.0,911.0,93.0,722.0,-16.239999771118164,-15.300000190734863,135.27000427246094,139.41000366210938,13.229999542236328,,,,,,,,1.0,23
107,108,8224,1998-05-20 00:00:00,1998.380859375,-35.0,-1.0,248.0,0.5460000038146973,178.5,16.0,10.0,3.0,Bxo,B,8224,1998-05-19 14:03:00,1998.3782958984375,-31.3700008392334,-6.260000228881836,249.47999572753906,0.4993000030517578,169.25999450683594,2.0,11.0,1.0,7.0,-32.099998474121094,-30.790000915527344,248.1699981689453,250.52999877929688,33.029998779296875,S,,,,,,,1.0,23
108,109,8356,1998-10-11 00:00:00,1998.775390625,21.0,30.0,176.0,0.5400000214576721,300.1000061035156,84.0,50.0,16.0,Cro,B,8356,1998-10-09 10:47:00,1998.769775390625,21.389999389648438,8.979999542236328,175.89999389648438,0.30160000920295715,330.989990234375,31.0,183.0,15.0,97.0,21.399999618530273,21.3700008392334,175.0,176.82000732421875,1.1299999952316284,,,,,,,V,1.0,23
109,110,8381,1998-11-06 00:00:00,1998.8465576171875,22.0,-16.0,147.0,0.40700000524520874,39.0,18.0,10.0,5.0,Bxo,B,8381,1998-11-06 13:43:15,1998.8468017578125,21.81999969482422,-7.820000171661377,148.22000122070312,0.3368000090122223,22.15999984741211,8.0,45.0,4.0,23.0,21.690000534057617,21.959999084472656,146.8800048828125,149.58999633789062,-6.150000095367432,,,,,,,,1.0,23
110,111,8383,1998-11-16 00:00:00,1998.8740234375,-15.0,11.0,42.0,0.3529999852180481,211.5,72.0,39.0,,nan,B,8383,1998-11-16 10:21:35,1998.873779296875,-13.930000305175781,22.3700008392334,48.38999938964844,0.4684000015258789,232.35000610351562,9.0,80.0,5.0,46.0,,,,,,,,,,X,,,0.4842105209827423,23
111,112,nan,,,,,,,,,,,nan,B,8420a,1998-12-28 13:32:34,1998.9892578125,-20.56999969482422,-16.100000381469727,174.74000549316406,0.4065999984741211,140.1199951171875,1.0,7.0,1.0,4.0,-20.600000381469727,-20.469999313354492,174.27000427246094,176.16000366210938,4.199999809265137,S,,,,,,V,1.0,23
112,113,8431,1999-01-09 00:00:00,1999.02197265625,-28.0,-19.0,21.0,0.49900001287460327,144.89999389648438,13.0,7.0,,nan,B,8431,1999-01-09 11:11:50,1999.0218505859375,-28.299999237060547,-16.479999542236328,17.610000610351562,0.4934999942779541,150.36000061035156,16.0,124.0,9.0,73.0,,,,,,,,,,X,,V,0.7448979616165161,23
113,114,8442,1999-01-21 00:00:00,1999.0548095703125,24.0,55.0,297.0,0.875,301.20001220703125,96.0,100.0,7.0,Cao,BGD,8442,1999-01-18 07:44:21,1999.046142578125,24.40999984741211,19.790000915527344,297.2699890136719,0.57669997215271,327.54998779296875,30.0,239.0,16.0,145.0,24.6299991607666,24.209999084472656,295.3900146484375,298.92999267578125,7.449999809265137,,,,,,,V,1.0,23
114,115,8474,1999-02-28 00:00:00,1999.158935546875,-24.0,38.0,139.0,0.6439999938011169,240.89999389648438,15.0,10.0,2.0,Bxo,B,8474,1999-02-27 10:14:48,1999.156005859375,-23.8799991607666,31.780000686645508,141.1699981689453,0.5717999935150146,237.6999969482422,3.0,14.0,2.0,8.0,-23.260000228881836,-24.450000762939453,140.27000427246094,142.0,-37.04999923706055,S,,,,,,,1.0,23
115,116,8486,1999-03-09 00:00:00,1999.18359375,-25.0,12.0,354.0,0.3610000014305115,211.5,18.0,10.0,5.0,Bxo,B,8486,1999-03-09 08:34:28,1999.1832275390625,-25.139999389648438,19.030000686645508,357.5799865722656,0.4332999885082245,223.33999633789062,10.0,45.0,5.0,24.0,-26.469999313354492,-23.959999084472656,356.8299865722656,358.239990234375,63.04999923706055,S,,,,,,,1.0,23
116,117,8579,1999-06-10 00:00:00,1999.4383544921875,12.0,-10.0,185.0,0.26100000739097595,40.70000076293945,19.0,10.0,3.0,Bxo,B,8579,1999-06-09 10:52:55,1999.435546875,11.739999771118164,-16.329999923706055,185.72999572753906,0.3409000039100647,54.099998474121094,3.0,24.0,1.0,13.0,12.229999542236328,11.529999732971191,183.57000732421875,186.69000244140625,12.859999656677246,S,,,,,,,1.0,23
117,118,8585,1999-06-13 00:00:00,1999.446533203125,38.0,-77.0,77.0,0.9819999933242798,51.400001525878906,12.0,32.0,,nan,B,8585,1999-06-13 07:26:38,1999.446044921875,37.06999969482422,-75.70999908447266,75.30999755859375,0.9793999791145325,52.16999816894531,8.0,49.0,19.0,118.0,,,,,,,,,,X,,,0.3608562648296356,23
118,119,8639,1999-07-23 00:00:00,1999.55615234375,38.0,50.0,35.0,0.828000009059906,313.20001220703125,448.0,400.0,12.0,Dai,B,8639,1999-07-23 06:33:15,1999.5555419921875,37.7599983215332,52.189998626708984,34.29999923706055,0.8460000157356262,312.2799987792969,59.0,702.0,54.0,650.0,38.900001525878906,36.84000015258789,32.13999938964844,36.380001068115234,31.610000610351562,,,,,,,,1.0,23
119,120,8767,1999-11-16 00:00:00,1999.8740234375,42.0,42.0,296.0,0.8140000104904175,322.29998779296875,46.0,40.0,5.0,Cso,B,8767,1999-11-15 07:59:33,1999.8707275390625,41.97999954223633,33.689998626708984,296.6600036621094,0.7623000144958496,327.1300048828125,34.0,98.0,25.0,74.0,42.68000030517578,40.810001373291016,295.1300048828125,299.1700134277344,31.90999984741211,,,,,,,,1.0,23
120,121,8816,2000-01-05 00:00:00,2000.010986328125,23.0,15.0,330.0,0.5049999952316284,331.8999938964844,34.0,20.0,6.0,Cro,B,8816,2000-01-04 09:10:04,2000.0079345703125,22.649999618530273,7.519999980926514,331.0,0.4562999904155731,344.6099853515625,12.0,57.0,7.0,32.0,22.290000915527344,23.059999465942383,330.3399963378906,331.75,-30.59000015258789,S,,,,P,,,1.0,23
121,122,8963,2000-04-19 00:00:00,2000.298583984375,16.0,-9.0,2.0,0.38999998569488525,22.700000762939453,147.0,80.0,12.0,Dao,B,8963,2000-04-19 11:07:56,2000.298583984375,15.0600004196167,-2.1600000858306885,3.430000066757202,0.3481999933719635,6.010000228881836,40.0,358.0,20.0,189.0,14.0,15.260000228881836,1.059999942779541,3.890000104904175,-24.770000457763672,,,,,,,,1.0,23
122,123,8976,2000-04-30 00:00:00,2000.3287353515625,-11.0,14.0,240.0,0.2669999897480011,242.6999969482422,115.0,60.0,9.0,Dao,BG,8976,2000-04-29 10:04:27,2000.3258056640625,-11.550000190734863,3.5399999618530273,237.58999633789062,0.14550000429153442,204.25999450683594,46.0,284.0,23.0,141.0,-11.699999809265137,-11.460000038146973,234.6699981689453,239.24000549316406,3.140000104904175,,,,,,,,1.0,23
123,124,nan,,,,,,,,,,,nan,B,8984a,2000-05-07 10:31:19,2000.3477783203125,6.949999809265137,-2.140000104904175,125.93000030517578,0.1859000027179718,11.899999618530273,1.0,9.0,0.0,5.0,5.929999828338623,7.769999980926514,125.18000030517578,126.54000091552734,-53.720001220703125,S,,,,,,,1.0,23
124,125,9007,2000-05-18 00:00:00,2000.3780517578125,-42.0,-12.0,336.0,0.6600000262260437,166.5,15.0,10.0,2.0,Bxo,B,9007,2000-05-18 05:37:29,2000.3773193359375,-40.619998931884766,-10.350000381469727,334.92999267578125,0.6381000280380249,167.6199951171875,3.0,17.0,2.0,11.0,-42.209999084472656,-40.02000045776367,334.0899963378906,335.239990234375,68.2699966430664,S,,T,,,,,1.0,23
125,126,9045,2000-06-15 00:00:00,2000.454833984375,-15.0,-19.0,318.0,0.41999998688697815,131.5,18.0,10.0,6.0,Bxo,B,9045,2000-06-14 08:54:57,2000.45166015625,-13.880000114440918,-27.709999084472656,318.4800109863281,0.5202999711036682,119.48999786376953,9.0,43.0,5.0,24.0,-14.020000457763672,-13.6899995803833,317.2799987792969,320.1099853515625,6.75,,,,,,,,1.0,23
126,127,9075,2000-07-10 00:00:00,2000.5233154296875,6.0,-31.0,336.0,0.5139999985694885,85.0,34.0,20.0,2.0,Dso,B,9075,2000-07-06 09:36:22,2000.5120849609375,7.150000095367432,-75.48999786376953,339.1099853515625,0.9657999873161316,83.48999786376953,2.0,13.0,4.0,26.0,6.5,8.029999732971191,335.8599853515625,343.5400085449219,-11.350000381469727,C,,,,,,,1.0,23
127,128,9098,2000-07-20 00:00:00,2000.5506591796875,-2.0,21.0,255.0,0.37599998712539673,252.10000610351562,18.0,10.0,4.0,Bxo,B,9098,2000-07-20 14:24:27,2000.5509033203125,-2.819999933242798,30.049999237060547,256.7300109863281,0.5169000029563904,256.20001220703125,0.0,17.0,0.0,10.0,-2.880000114440918,-2.7899999618530273,255.69000244140625,257.4200134277344,3.1700000762939453,S,,,,,,,1.0,23
128,129,9125,2000-08-19 00:00:00,2000.6329345703125,26.0,36.0,233.0,0.6330000162124634,303.3999938964844,109.0,70.0,,nan,BG,9125,2000-08-19 13:28:00,2000.633056640625,25.56999969482422,44.5,235.0,0.7253999710083008,299.1099853515625,22.0,154.0,16.0,112.0,,,,,,,,,,X,,,0.3916083872318268,23
129,130,9146,2000-08-28 00:00:00,2000.6575927734375,-26.0,-51.0,28.0,0.8619999885559082,125.9000015258789,10.0,10.0,2.0,Bxo,B,9146,2000-08-29 14:33:37,2000.6605224609375,-25.93000030517578,-31.559999465942383,26.200000762939453,0.7107999920845032,138.50999450683594,0.0,29.0,0.0,19.0,-26.139999389648438,-25.700000762939453,23.260000228881836,29.459999084472656,4.429999828338623,C,,,,,,,1.0,23
130,131,nan,,,,,,,,,,,nan,B,9204a,2000-10-18 09:19:06,2000.7969970703125,-25.020000457763672,-54.959999084472656,65.7300033569336,0.8805000185966492,122.44000244140625,0.0,13.0,0.0,13.0,-26.329999923706055,-23.889999389648438,63.90999984741211,67.29000091552734,38.599998474121094,S,,,,,,,1.0,23
131,132,9221,2000-11-06 00:00:00,2000.849365234375,-15.0,-58.0,177.0,0.8690000176429749,109.5999984741211,118.0,120.0,3.0,Dso,B,9221,2000-11-06 07:39:13,2000.848876953125,-12.510000228881836,-55.2599983215332,175.77999877929688,0.8432000279426575,107.5199966430664,30.0,297.0,28.0,273.0,-11.270000457763672,-13.079999923706055,173.32000732421875,176.91000366210938,-27.360000610351562,,,,,,,,1.0,23
132,133,nan,,,,,,,,,,,nan,B,9243c,2000-12-03 12:57:21,2000.92333984375,-1.9199999570846558,29.329999923706055,261.57000732421875,0.49320000410079956,265.1400146484375,5.0,45.0,3.0,25.0,-2.069999933242798,-1.659999966621399,260.45001220703125,263.54998779296875,7.510000228881836,S,,,,,,,1.0,23
133,134,9264,2000-12-15 00:00:00,2000.9561767578125,-24.0,-16.0,65.0,0.46399998664855957,147.10000610351562,130.0,73.0,,nan,B,9264,2000-12-15 14:37:31,2000.9564208984375,-24.389999389648438,-8.489999771118164,64.94999694824219,0.4221000075340271,161.75,118.0,695.0,64.0,382.0,,,,,,,,,,X,,,0.7318007946014404,23
134,135,nan,,,,,,,,,,,nan,B,9314b,2001-01-22 09:50:32,2001.0572509765625,-33.47999954223633,56.11000061035156,351.510009765625,0.8601999878883362,233.7899932861328,8.0,22.0,7.0,21.0,-33.75,-33.040000915527344,351.0799865722656,352.2099914550781,36.9900016784668,S,,,,,,,1.0,23
135,136,9338,2001-02-11 00:00:00,2001.1123046875,-20.0,15.0,52.0,0.3370000123977661,226.10000610351562,306.0,162.0,,nan,B,9338,2001-02-11 12:53:41,2001.1124267578125,-20.459999084472656,23.290000915527344,53.66999816894531,0.447299987077713,236.00999450683594,106.0,767.0,59.0,426.0,,,,,,,,,,X,,,0.9551569223403931,23
136,137,9376,2001-03-13 00:00:00,2001.194580078125,-15.0,-57.0,306.0,0.8320000171661377,103.30000305175781,44.0,40.0,4.0,Cro,B,9376,2001-03-23 15:28:00,2001.2222900390625,-12.989999771118164,81.70999908447266,303.6600036621094,0.9861999750137329,257.9100036621094,0.0,20.0,0.0,60.0,-14.529999732971191,-12.609999656677246,299.6300048828125,304.6700134277344,21.350000381469727,,,,,,,,1.0,23
137,138,9398,2001-03-26 00:00:00,2001.2301025390625,20.0,10.0,201.0,0.4779999852180481,340.0,52.0,30.0,7.0,Cso,B,9398,2001-03-25 12:18:15,2001.2274169921875,21.239999771118164,4.880000114440918,202.19000244140625,0.47929999232292175,350.4800109863281,13.0,58.0,8.0,34.0,20.56999969482422,21.610000610351562,200.63999938964844,203.0399932861328,-24.790000915527344,,,,,,,,1.0,23
138,139,nan,,,,,,,,,,,nan,B,9404a,2001-04-06 05:34:35,2001.259521484375,31.510000228881836,42.060001373291016,84.7699966430664,0.8220999836921692,315.8500061035156,9.0,48.0,8.0,41.0,32.290000915527344,30.6200008392334,84.25,85.36000061035156,60.470001220703125,S,,,,,,,1.0,23
139,140,9415,2001-04-08 00:00:00,2001.2657470703125,-21.0,-21.0,358.0,0.4269999861717224,128.3000030517578,951.0,526.0,,nan,BD,9415,2001-04-08 06:50:23,2001.26513671875,-21.25,-16.639999389648438,358.9700012207031,0.3790000081062317,135.35000610351562,245.0,1309.0,130.0,699.0,,,,,,,W,,,X,,,0.5974358916282654,23
140,141,nan,,,,,,,,,,,nan,B,9422m,2001-04-18 15:03:28,2001.29345703125,-2.1700000762939453,44.150001525878906,283.2200012207031,0.6990000009536743,272.3599853515625,1.0,6.0,1.0,4.0,,,,,,S,,T,,,,,1.0,23
141,142,9446,2001-04-30 00:00:00,2001.3260498046875,-5.0,22.0,111.0,0.37400001287460327,266.8999938964844,18.0,10.0,3.0,Cro,B,9446,2001-04-29 08:22:28,2001.3228759765625,-5.03000020980835,14.279999732971191,111.72000122070312,0.24770000576972961,266.3299865722656,6.0,43.0,4.0,23.0,-5.769999980926514,-4.630000114440918,110.41000366210938,112.41999816894531,29.459999084472656,S,,,,,N,,1.0,23
142,143,nan,,,,,,,,,,,nan,B,9447a,2001-05-01 06:12:02,2001.328125,-11.40999984741211,-19.670000076293945,52.529998779296875,0.3564000129699707,111.58999633789062,0.0,8.0,0.0,4.0,-11.819999694824219,-11.0,51.91999816894531,53.150001525878906,34.220001220703125,S,,,,,,,1.0,23
143,144,nan,,,,,,,,,,,nan,B,9471a,2001-05-18 13:49:38,2001.3756103515625,-32.91999816894531,-70.06999969482422,133.16000366210938,0.953000009059906,123.9800033569336,3.0,12.0,5.0,19.0,,,,,,S,,,,,,,1.0,23
144,145,9470,2001-05-23 00:00:00,2001.3890380859375,-15.0,19.0,163.0,0.39100000262260437,233.5,18.0,10.0,3.0,Bxo,B,9470,2001-05-22 07:57:21,2001.3858642578125,-16.81999969482422,11.010000228881836,164.5500030517578,0.3190000057220459,215.22999572753906,12.0,42.0,7.0,21.0,-16.079999923706055,-18.209999084472656,164.38999938964844,164.86000061035156,-78.04000091552734,S,,T,,,,,1.0,23
145,146,9479,2001-05-29 00:00:00,2001.405517578125,26.0,56.0,121.0,0.8690000176429749,300.8999938964844,29.0,30.0,3.0,Cso,B,9479,2001-05-28 09:42:22,2001.4024658203125,24.8799991607666,46.45000076293945,119.63999938964844,0.7893000245094299,303.3399963378906,7.0,27.0,6.0,20.0,25.450000762939453,24.290000915527344,119.56999969482422,119.70999908447266,83.52999877929688,S,,T,,,,,1.0,23
146,147,9486,2001-06-06 00:00:00,2001.4273681640625,28.0,48.0,7.0,0.8059999942779541,305.5,236.0,200.0,13.0,Dai,B,9486,2001-06-05 15:17:28,2001.425048828125,27.75,43.40999984741211,7.639999866485596,0.7687000036239624,307.5199890136719,71.0,492.0,54.0,379.0,27.5,28.31999969482422,6.550000190734863,10.119999885559082,-14.680000305175781,,,,,,,,1.0,23
147,148,9517,2001-06-26 00:00:00,2001.482177734375,-15.0,59.0,113.0,0.8740000128746033,251.3000030517578,29.0,30.0,3.0,Bxo,B,9517,2001-06-26 06:56:08,2001.4815673828125,-12.960000038146973,63.619998931884766,114.5199966430664,0.9075999855995178,254.50999450683594,4.0,33.0,6.0,38.0,-12.90999984741211,-13.0,113.4000015258789,115.33000183105469,-2.8499999046325684,S,,,R,,,,1.0,23
148,149,9591,2001-08-27 00:00:00,2001.652099609375,-19.0,-18.0,296.0,0.5239999890327454,146.10000610351562,1019.0,599.0,,nan,BD,9591,2001-08-27 10:46:21,2001.65185546875,-18.940000534057617,-13.829999923706055,294.8900146484375,0.4952999949455261,153.0500030517578,241.0,1673.0,139.0,953.0,,,,,,,W,,,X,,,0.8089982867240906,23
149,150,9626,2001-09-21 00:00:00,2001.7205810546875,26.0,-14.0,330.0,0.3930000066757202,33.5,73.0,40.0,7.0,Bxo,B,9626,2001-09-19 15:01:56,2001.7154541015625,24.850000381469727,-30.6200008392334,332.010009765625,0.5645999908447266,55.27000045776367,13.0,113.0,9.0,68.0,24.81999969482422,25.09000015258789,331.7699890136719,333.8500061035156,-8.25,,,,,,,,1.0,23
150,151,9627,2001-09-25 00:00:00,2001.7315673828125,1.0,11.0,302.0,0.2160000056028366,242.10000610351562,156.0,80.0,16.0,Dso,B,9627,2001-09-25 10:06:20,2001.7313232421875,-0.699999988079071,17.229999542236328,303.3800048828125,0.32429999113082886,246.4499969482422,30.0,240.0,16.0,126.0,-1.0,-0.23999999463558197,301.94000244140625,305.5799865722656,11.729999542236328,,E,,,,,,1.0,23
151,152,9632,2001-09-28 00:00:00,2001.73974609375,-19.0,21.0,273.0,0.5460000038146973,218.39999389648438,1189.0,710.0,17.0,Dkc,BGD,9632,2001-09-29 11:17:48,2001.742431640625,-19.489999771118164,40.810001373291016,273.54998779296875,0.7455999851226807,236.00999450683594,258.0,1533.0,191.0,1138.0,-19.530000686645508,-18.649999618530273,273.4200134277344,276.1600036621094,18.84000015258789,,D,T,R,P,,,1.0,23
152,153,9661,2001-10-12 00:00:00,2001.778076171875,16.0,-69.0,358.0,0.9279999732971191,75.0999984741211,252.0,340.0,,nan,BD,9661,2001-10-12 14:37:53,2001.7784423828125,15.40999984741211,-61.220001220703125,358.1499938964844,0.8730000257492065,75.69999694824219,116.0,812.0,118.0,822.0,,,,,,,W,T,,X,,,0.7092320919036865,23
153,154,9672,2001-10-27 00:00:00,2001.8192138671875,-18.0,41.0,269.0,0.7239999771118164,239.5,813.0,590.0,15.0,Dki,BGD,9672,2001-10-26 13:25:42,2001.816650390625,-17.81999969482422,33.849998474121094,269.2200012207031,0.6503000259399414,234.91000366210938,157.0,1185.0,101.0,771.0,-17.84000015258789,-16.719999313354492,269.1499938964844,272.8500061035156,17.690000534057617,,D,,,P,,,1.0,23
154,155,9681,2001-10-27 00:00:00,2001.8192138671875,-24.0,7.0,235.0,0.49300000071525574,193.0,121.0,70.0,8.0,Dao,B,9681,2001-10-26 13:25:42,2001.816650390625,-23.690000534057617,3.0,238.36000061035156,0.48339998722076416,185.8000030517578,21.0,141.0,14.0,81.0,-24.989999771118164,-23.139999389648438,235.9499969482422,239.3800048828125,30.5,,,,,,,,1.0,23
155,156,9698,2001-11-18 00:00:00,2001.87939453125,-23.0,3.0,301.0,0.4309999942779541,186.39999389648438,234.0,130.0,9.0,Dso,B,9698,2001-11-20 11:23:54,2001.8848876953125,-24.579999923706055,35.66999816894531,302.55999755859375,0.6938999891281128,230.0500030517578,33.0,280.0,23.0,193.0,-25.209999084472656,-24.450000762939453,300.7300109863281,302.94000244140625,20.739999771118164,,,,,,,,1.0,23
156,157,9699,2001-11-14 00:00:00,2001.8685302734375,-9.0,81.0,72.0,0.9890000224113464,260.5,20.0,70.0,3.0,Dso,B,9699,2001-11-13 14:57:33,2001.8660888671875,-10.020000457763672,76.11000061035156,73.44999694824219,0.9747999906539917,258.989990234375,7.0,44.0,16.0,97.0,-9.65999984741211,-10.069999694824219,71.04000091552734,73.79000091552734,-8.609999656677246,,,,,,,,1.0,23
157,158,9704,2001-11-20 00:00:00,2001.8848876953125,-16.0,-2.0,270.0,0.31299999356269836,173.8000030517578,1158.0,610.0,28.0,Dki,BGD,9704,2001-11-20 11:23:54,2001.8848876953125,-17.40999984741211,3.3499999046325684,270.239990234375,0.34220001101493835,189.66000366210938,192.0,1744.0,99.0,920.0,-17.729999542236328,-14.350000381469727,269.9599914550781,272.9200134277344,50.189998626708984,,D,T,R,P,,,1.0,23
158,159,9736,2001-12-13 00:00:00,2001.947998046875,-9.0,55.0,25.0,0.8230000138282776,259.6000061035156,102.0,90.0,7.0,Dao,B,9736,2001-12-13 15:59:32,2001.9483642578125,-9.640000343322754,66.4800033569336,27.950000762939453,0.9196000099182129,259.82000732421875,17.0,111.0,22.0,139.0,-9.960000038146973,-9.550000190734863,24.760000228881836,28.899999618530273,5.789999961853027,,,,,,,,1.0,23
159,160,9746,2001-12-20 00:00:00,2001.9671630859375,-18.0,-8.0,230.0,0.3109999895095825,154.8000030517578,38.0,20.0,2.0,Bxo,B,9746,2001-12-21 07:25:00,2001.9693603515625,-16.950000762939453,11.0,231.5500030517578,0.3222000002861023,214.6699981689453,2.0,28.0,2.0,14.0,-17.299999237060547,-16.700000762939453,230.42999267578125,232.35000610351562,18.100000381469727,S,,,,,,,1.0,23
160,161,9840,2002-02-24 00:00:00,2002.14794921875,-11.0,-46.0,42.0,0.7139999866485596,98.4000015258789,56.0,40.0,2.0,Cso,B,9840,2002-02-21 11:11:32,2002.1396484375,-11.09000015258789,-78.56999969482422,43.209999084472656,0.9771999716758728,99.8499984741211,0.0,8.0,0.0,17.0,,,,,,S,,,,P,,,1.0,23
161,162,9858,2002-03-05 00:00:00,2002.172607421875,-30.0,-5.0,325.0,0.39399999380111694,169.0,55.0,30.0,3.0,Dao,B,9858,2002-03-04 14:01:00,2002.1700439453125,-29.969999313354492,-10.300000190734863,325.2900085449219,0.4196999967098236,158.27000427246094,22.0,65.0,11.0,36.0,-30.229999542236328,-29.709999084472656,324.3900146484375,326.19000244140625,18.540000915527344,S,,,,,,,1.0,23
162,163,nan,,,,,,,,,,,nan,B,9886m,2002-04-05 11:59:46,2002.257568359375,13.119999885559082,9.949999809265137,284.7799987792969,0.37279999256134033,333.0199890136719,2.0,14.0,1.0,8.0,,,,,,S,,,,,,,1.0,23
163,164,9904,2002-04-11 00:00:00,2002.27392578125,-16.0,21.0,223.0,0.38999998569488525,242.0,92.0,50.0,6.0,Cso,BGD,9904,2002-04-11 10:29:29,2002.2738037109375,-16.34000015258789,28.860000610351562,225.32000732421875,0.5041000247001648,247.30999755859375,13.0,54.0,7.0,31.0,-16.209999084472656,-16.190000534057617,224.6699981689453,226.1699981689453,0.9399999976158142,S,,,,P,,,1.0,23
164,165,9993,2002-06-10 00:00:00,2002.4383544921875,6.0,20.0,148.0,0.3529999852180481,285.6000061035156,56.0,30.0,3.0,Cao,B,9993,2002-06-10 14:34:09,2002.4385986328125,5.440000057220459,29.969999313354492,150.8699951171875,0.5070000290870667,280.0,14.0,67.0,8.0,39.0,6.809999942779541,5.380000114440918,149.92999267578125,150.92999267578125,55.02000045776367,,,T,R,,,,1.0,23
165,166,10006,2002-06-19 00:00:00,2002.4630126953125,-8.0,23.0,32.0,0.42100000381469727,246.89999389648438,54.0,30.0,4.0,Cro,B,10006,2002-06-19 08:56:14,2002.462646484375,-6.389999866485596,29.479999542236328,34.369998931884766,0.5090000033378601,254.66000366210938,3.0,11.0,2.0,7.0,-6.050000190734863,-6.519999980926514,33.18000030517578,34.84000015258789,-15.899999618530273,S,,,,P,,,1.0,23
166,167,10019,2002-07-03 00:00:00,2002.5013427734375,-18.0,-34.0,151.0,0.6380000114440918,123.5999984741211,240.0,156.0,,nan,B,10019,2002-07-03 08:45:30,2002.5009765625,-17.25,-29.600000381469727,150.05999755859375,0.5842999815940857,125.91999816894531,50.0,351.0,30.0,217.0,,,,,,,,,,X,,,0.3056338131427765,23
167,168,10059,2002-08-05 00:00:00,2002.591796875,15.0,-41.0,66.0,0.6589999794960022,74.19999694824219,180.0,120.0,12.0,Dao,B,10059,2002-08-04 08:59:15,2002.5887451171875,14.359999656677246,-47.099998474121094,69.05000305175781,0.7336000204086304,75.94999694824219,18.0,206.0,13.0,149.0,15.369999885559082,14.149999618530273,65.7300033569336,69.69000244140625,17.600000381469727,,,,,,,,1.0,23
168,169,10133,2002-09-24 00:00:00,2002.728759765625,-25.0,-20.0,147.0,0.6079999804496765,149.3000030517578,111.0,70.0,7.0,Dao,B,10133,2002-09-23 11:11:33,2002.7259521484375,-25.559999465942383,-25.190000534057617,149.02000427246094,0.6545000076293945,144.02999877929688,43.0,127.0,27.0,83.0,,,,,,,,,,,,,1.0,23
169,170,10169,2002-10-28 00:00:00,2002.8218994140625,-18.0,-33.0,45.0,0.6380000114440918,125.69999694824219,22.0,15.0,,nan,B,10169,2002-10-28 13:33:53,2002.8221435546875,-20.260000228881836,-26.139999389648438,45.209999084472656,0.5871000289916992,135.07000732421875,7.0,57.0,4.0,35.0,,,,,,,,,,X,,,0.2916666567325592,23
170,171,10218,2002-12-15 00:00:00,2002.953369140625,-18.0,11.0,176.0,0.34299999475479126,211.89999389648438,169.0,90.0,16.0,Dao,B,10218,2002-12-14 08:40:44,2002.9503173828125,-18.010000228881836,2.240000009536743,176.74000549316406,0.30149999260902405,187.19000244140625,56.0,331.0,30.0,176.0,-18.3799991607666,-17.520000457763672,175.02000427246094,178.99000549316406,12.84000015258789,,,,,,,,1.0,23
171,172,10268,2003-01-26 00:00:00,2003.0684814453125,14.0,29.0,1.0,0.5720000267028809,304.6000061035156,213.0,130.0,7.0,Dao,BD,10268,2003-01-25 10:10:04,2003.0655517578125,13.680000305175781,22.690000534057617,3.2200000286102295,0.4957999885082245,310.6400146484375,54.0,355.0,31.0,203.0,12.960000038146973,13.6899995803833,1.9900000095367432,3.2200000286102295,-31.25,,,,,,,,1.0,23
172,173,10283,2003-02-09 00:00:00,2003.1068115234375,1.0,-38.0,111.0,0.625,80.0,78.0,50.0,5.0,Dao,B,10283,2003-02-07 11:34:09,2003.101318359375,0.9399999976158142,-59.13999938964844,109.4800033569336,0.8633000254631042,85.08999633789062,10.0,84.0,10.0,82.0,1.0199999809265137,0.38999998569488525,109.0199966430664,112.43000030517578,10.420000076293945,,,,,,,,1.0,23
173,174,10345,2003-04-29 00:00:00,2003.3232421875,-17.0,-21.0,166.0,0.41100001335144043,123.4000015258789,382.0,210.0,13.0,Dao,BG,10345,2003-04-26 07:58:41,2003.3145751953125,-16.760000228881836,-56.119998931884766,166.05999755859375,0.8337000012397766,107.08999633789062,64.0,390.0,56.0,348.0,-15.510000228881836,-17.920000076293945,164.6199951171875,167.39999389648438,-42.06999969482422,,,T,R,,,,1.0,23
174,175,nan,,,,,,,,,,,nan,B,10354a,2003-05-11 09:34:41,2003.3558349609375,-4.340000152587891,-2.140000104904175,20.889999389648438,0.04399999976158142,118.62000274658203,2.0,16.0,1.0,8.0,-4.980000019073486,-3.9100000858306885,19.860000610351562,21.59000015258789,31.84000015258789,S,,,,,,,1.0,23
175,176,10358,2003-05-15 00:00:00,2003.3670654296875,9.0,3.0,337.0,0.20600000023841858,345.3999938964844,156.0,80.0,9.0,Dao,B,10358,2003-05-14 07:20:45,2003.3638916015625,8.630000114440918,-4.949999809265137,339.6400146484375,0.21930000185966492,22.65999984741211,38.0,210.0,20.0,107.0,8.630000114440918,8.630000114440918,336.6499938964844,341.3500061035156,0.029999999329447746,,,,,,,,1.0,23
176,177,10438,2003-08-22 00:00:00,2003.6383056640625,-31.0,31.0,136.0,0.7450000047683716,216.3000030517578,13.0,10.0,1.0,Axx,A,10432a,2003-08-20 10:12:42,2003.6326904296875,-31.65999984741211,16.079999923706055,142.52000427246094,0.6646999716758728,200.8800048828125,0.0,12.0,0.0,8.0,-32.86000061035156,-31.290000915527344,140.74000549316406,143.05999755859375,38.5,S,,,,,N,,1.0,23
177,178,10520,2003-12-14 00:00:00,2003.95068359375,2.0,-33.0,8.0,0.546999990940094,84.80000305175781,44.0,26.0,,nan,B,10520,2003-12-14 13:20:37,2003.9508056640625,1.8899999856948853,-25.610000610351562,8.779999732971191,0.43639999628067017,84.02999877929688,18.0,120.0,10.0,66.0,,,,,,,E,,,X,,,0.2374100685119629,23
178,179,10537,2004-01-13 00:00:00,2004.0328369140625,5.0,3.0,9.0,0.1720000058412552,342.29998779296875,472.0,240.0,16.0,Dkc,BGD,10537,2004-01-12 16:45:00,2004.0306396484375,3.2200000286102295,0.11999999731779099,10.65999984741211,0.13009999692440033,359.0799865722656,95.0,643.0,49.0,320.0,2.180000066757202,3.25,7.510000228881836,10.739999771118164,-18.440000534057617,C,D,,,P,,,1.0,23
179,180,10588,2004-04-05 00:00:00,2004.26025390625,-16.0,-40.0,313.0,0.6480000019073486,107.5,121.0,80.0,,nan,BD,10588,2004-04-05 09:13:34,2004.260009765625,-15.59000015258789,-33.599998474121094,314.42999267578125,0.5648999810218811,108.62000274658203,43.0,344.0,27.0,208.0,,,,,,,,,,X,,,0.664536714553833,23
180,181,10592,2004-04-15 00:00:00,2004.2877197265625,-12.0,-46.0,174.0,0.7179999947547913,101.4000015258789,41.0,30.0,3.0,Hrx,A,10592,2004-04-14 13:29:17,2004.28515625,-11.529999732971191,-51.7599983215332,175.14999389648438,0.7842000126838684,100.2699966430664,6.0,31.0,5.0,25.0,-12.079999923706055,-11.350000381469727,172.88999938964844,175.86000061035156,14.079999923706055,,,,,,,,1.0,23
181,182,10638,2004-06-27 00:00:00,2004.4876708984375,7.0,-22.0,313.0,0.3799999952316284,77.9000015258789,18.0,10.0,2.0,Axx,A,10637m,2004-06-26 14:13:24,2004.4852294921875,7.269999980926514,-26.450000762939453,314.5299987792969,0.45239999890327454,78.58999633789062,0.0,12.0,0.0,8.0,7.550000190734863,7.190000057220459,312.1099853515625,315.2900085449219,6.670000076293945,S,,,,,N,V,1.0,23
182,183,10640,2004-07-02 00:00:00,2004.5013427734375,-9.0,-15.0,254.0,0.33000001311302185,129.3000030517578,113.0,60.0,2.0,Cso,B,10640,2004-06-28 10:40:56,2004.490234375,-8.569999694824219,-61.59000015258789,254.8699951171875,0.8880000114440918,101.0999984741211,13.0,38.0,14.0,40.0,-7.820000171661377,-9.130000114440918,253.0500030517578,256.2099914550781,-22.790000915527344,,,,,,,,1.0,23
183,184,10672,2004-09-16 00:00:00,2004.7095947265625,5.0,3.0,347.0,0.06400000303983688,234.3000030517578,638.0,320.0,46.0,Eai,BD,10672,2004-09-15 07:12:07,2004.706298828125,4.599999904632568,-4.630000114440918,349.25,0.10350000113248825,127.30999755859375,178.0,1248.0,89.0,624.0,5.550000190734863,3.549999952316284,346.5299987792969,352.2300109863281,19.389999389648438,,,,,,,V,1.0,23
184,185,10676,2004-10-04 00:00:00,2004.7589111328125,-12.0,-11.0,96.0,0.3659999966621399,149.3000030517578,51.0,28.0,,nan,B,10676,2004-10-04 07:02:32,2004.75830078125,-11.010000228881836,-7.179999828338623,96.0199966430664,0.3269999921321869,157.75,14.0,69.0,8.0,36.0,,,,,,,,,,X,,,0.692307710647583,23
185,186,10715,2004-12-31 00:00:00,2005.0,4.0,-47.0,339.0,0.7369999885559082,81.69999694824219,472.0,350.0,12.0,Dkc,BGD,10715,2004-12-30 08:55:25,2004.9969482421875,4.849999904632568,-55.75,339.57000732421875,0.833299994468689,82.23999786376953,77.0,586.0,69.0,522.0,4.840000152587891,6.289999961853027,339.55999755859375,340.6700134277344,-52.7400016784668,,,,,,,,1.0,23
186,187,nan,,,,,,,,,,,nan,B,10736a,2005-02-18 20:24:39,2005.1324462890625,-7.199999809265137,-6.840000152587891,83.79000091552734,0.11879999935626984,92.31999969482422,3.0,18.0,2.0,9.0,-6.800000190734863,-7.239999771118164,82.04000091552734,83.95999908447266,-13.010000228881836,S,,,,,,,1.0,23
187,188,10774,2005-06-07 00:00:00,2005.43017578125,6.0,31.0,133.0,0.5220000147819519,281.20001220703125,68.0,40.0,5.0,Cso,B,10774,2005-06-06 09:45:19,2005.4271240234375,4.650000095367432,25.90999984741211,136.5399932861328,0.4447999894618988,280.6700134277344,30.0,115.0,17.0,64.0,5.039999961853027,4.429999828338623,133.44000244140625,138.1999969482422,7.340000152587891,,,,,,,,1.0,23
188,189,nan,,,,,,,,,,,nan,B,10780q,2005-06-27 16:54:54,2005.4854736328125,12.399999618530273,44.310001373291016,233.02000427246094,0.7089999914169312,285.1000061035156,0.0,7.0,0.0,5.0,12.949999809265137,11.069999694824219,232.6199951171875,233.97999572753906,54.77000045776367,S,,,,,,,1.0,23
189,190,10792,2005-08-04 00:00:00,2005.5889892578125,11.0,1.0,57.0,0.08799999952316284,348.70001220703125,478.0,240.0,26.0,Dkc,BG,10792,2005-08-04 14:47:00,2005.58935546875,10.899999618530273,9.300000190734863,56.380001068115234,0.18230000138282776,298.7099914550781,60.0,478.0,30.0,241.0,10.989999771118164,10.050000190734863,56.0099983215332,59.90999984741211,13.859999656677246,C,,,,P,,,1.0,23
190,191,10798,2005-08-24 00:00:00,2005.643798828125,-12.0,75.0,225.0,0.9739999771118164,255.89999389648438,307.0,680.0,12.0,Dkc,BGD,10798,2005-08-24 09:46:39,2005.6435546875,-10.279999732971191,82.19000244140625,227.66000366210938,0.9940999746322632,258.7799987792969,20.0,235.0,92.0,1312.0,-11.010000228881836,-10.260000228881836,224.6699981689453,227.69000244140625,14.010000228881836,,,,,,,,1.0,23
191,192,10803,2005-08-31 00:00:00,2005.6629638671875,11.0,-1.0,57.0,0.0689999982714653,14.5,79.0,40.0,19.0,Dai,BG,10803,2005-08-31 05:52:03,2005.662353515625,10.470000267028809,4.989999771118164,60.150001525878906,0.10559999942779541,305.7900085449219,5.0,95.0,2.0,47.0,10.210000038146973,11.069999694824219,59.31999969482422,61.970001220703125,-18.3799991607666,C,,,,P,,,1.0,23
192,193,10806,2005-08-30 00:00:00,2005.6602783203125,-17.0,-50.0,21.0,0.8190000057220459,116.5999984741211,80.0,70.0,6.0,Dai,BG,10806,2005-08-30 06:23:33,2005.65966796875,-17.31999969482422,-44.34000015258789,23.729999542236328,0.7702999711036682,119.73999786376953,22.0,88.0,18.0,68.0,-16.93000030517578,-17.739999771118164,22.06999969482422,25.489999771118164,-13.829999923706055,,,,,,,,1.0,23
193,194,nan,,,,,,,,,,,nan,B,10810a,2005-09-26 05:47:49,2005.7335205078125,1.9600000381469727,-2.0399999618530273,69.8499984741211,0.09369999915361404,157.66000366210938,0.0,9.0,0.0,5.0,1.4600000381469727,2.5899999141693115,69.5999984741211,70.16999816894531,-63.25,S,,T,,,,,1.0,23
194,195,nan,,,,,,,,,,,nan,B,10836m,2005-12-15 03:48:00,2005.9525146484375,-1.7200000286102295,14.880000114440918,113.02999877929688,0.2581999897956848,266.8900146484375,0.0,16.0,0.0,8.0,-1.399999976158142,-2.200000047683716,112.55000305175781,113.76000213623047,-33.47999954223633,S,,,,,,V,1.0,23
195,196,10863,2006-03-25 00:00:00,2006.2274169921875,7.0,79.0,302.0,0.9850000143051147,278.3999938964844,10.0,30.0,3.0,Bxo,B,10863,2006-03-24 10:17:32,2006.2244873046875,7.21999979019165,72.18000030517578,302.9200134277344,0.9593999981880188,279.7099914550781,0.0,24.0,0.0,41.0,7.679999828338623,5.809999942779541,302.44000244140625,304.3900146484375,44.029998779296875,,,,,,,,1.0,23
196,197,10905,2006-08-28 00:00:00,2006.65478515625,-6.0,7.0,327.0,0.25699999928474426,208.1999969482422,676.0,350.0,16.0,Eac,BG,10905,2006-08-27 11:11:32,2006.6519775390625,-6.690000057220459,5.119999885559082,332.5299987792969,0.260699987411499,200.5,152.0,1009.0,78.0,518.0,-7.820000171661377,-6.440000057220459,326.239990234375,333.8999938964844,10.270000457763672,,,,,,,V,1.0,23
197,198,10906,2006-09-01 00:00:00,2006.665771484375,-9.0,52.0,319.0,0.8119999766349792,253.39999389648438,116.0,100.0,12.0,Cao,B,10906,2006-08-31 12:39:30,2006.6630859375,-8.229999542236328,46.38999938964844,320.2799987792969,0.7541000247001648,252.39999389648438,49.0,227.0,34.0,170.0,-7.289999961853027,-8.819999694824219,319.260009765625,320.9100036621094,-42.93000030517578,,,,,,,V,1.0,23
198,199,10933,2007-01-04 00:00:00,2007.0081787109375,-4.0,-27.0,31.0,0.453000009059906,91.80000305175781,552.0,310.0,5.0,Cho,B,10933,2007-01-02 11:09:31,2007.002685546875,-4.090000152587891,-43.869998931884766,35.31999969482422,0.6937000155448914,92.68000030517578,88.0,588.0,61.0,403.0,-3.5799999237060547,-4.199999809265137,29.850000381469727,36.470001220703125,-5.320000171661377,,,,,,,,1.0,23
199,200,10937,2007-01-09 00:00:00,2007.02197265625,-14.0,-7.0,346.0,0.20900000631809235,145.60000610351562,39.0,20.0,2.0,Cso,B,10937,2007-01-09 13:48:31,2007.0220947265625,-13.520000457763672,1.5399999618530273,347.07000732421875,0.1712999939918518,188.58999633789062,12.0,63.0,6.0,32.0,-13.279999732971191,-13.770000457763672,345.67999267578125,348.4700012207031,-10.260000228881836,,,,,,,,1.0,23
200,201,nan,,,,,,,,,,,nan,B,10938b,2007-01-19 12:47:31,2007.0494384765625,11.710000038146973,3.259999990463257,217.6699981689453,0.29350000619888306,348.9800109863281,0.0,14.0,0.0,8.0,12.029999732971191,11.390000343322754,216.99000549316406,218.33999633789062,25.829999923706055,S,,,,,,,1.0,23
201,202,nan,,,,,,,,,,,nan,B,10941r,2007-02-17 13:07:32,2007.12890625,-3.240000009536743,14.579999923706055,207.1300048828125,0.2599000036716461,283.5899963378906,0.0,16.0,0.0,8.0,-3.799999952316284,-2.6700000762939453,206.4499969482422,207.80999755859375,39.720001220703125,S,,,,,,V,1.0,23
202,203,10945,2007-03-05 00:00:00,2007.172607421875,-6.0,17.0,5.0,0.29100000858306885,273.20001220703125,19.0,10.0,3.0,Axx,A,10945,2007-03-05 12:59:32,2007.1727294921875,-7.039999961853027,24.219999313354492,6.25,0.4090000092983246,269.0899963378906,4.0,51.0,2.0,29.0,-6.889999866485596,-7.139999866485596,5.449999809265137,6.820000171661377,-10.470000267028809,S,,,,P,,V,1.0,23
203,204,10956,2007-05-18 00:00:00,2007.3753662109375,2.0,-21.0,70.0,0.36500000953674316,79.0,558.0,300.0,20.0,Dkc,BGD,10956,2007-05-17 12:09:31,2007.3726806640625,1.940000057220459,-26.84000015258789,72.05999755859375,0.45879998803138733,81.04000091552734,129.0,719.0,72.0,399.0,1.5299999713897705,2.690000057220459,71.38999938964844,73.2699966430664,-31.6200008392334,C,E,,,P,,,1.0,23
204,205,10958,2007-06-06 00:00:00,2007.4273681640625,-12.0,26.0,227.0,0.47699999809265137,243.89999389648438,52.0,30.0,4.0,Bxo,B,10958,2007-06-05 19:25:31,2007.425537109375,-12.960000038146973,24.280000686645508,227.60000610351562,0.4602000117301941,240.91000366210938,20.0,60.0,11.0,33.0,-13.09000015258789,-12.859999656677246,226.27999877929688,228.5800018310547,5.739999771118164,S,,,,P,,,1.0,23
205,206,nan,,,,,,,,,,,nan,B,10980b,2008-01-09 15:59:31,2008.0223388671875,-6.96999979019165,-34.61000061035156,172.14999389648438,0.5698000192642212,96.58999633789062,0.0,17.0,0.0,11.0,-7.75,-6.800000190734863,171.35000610351562,172.3300018310547,44.31999969482422,,,,,,,,1.0,23
206,207,nan,,,,,,,,,,,nan,B,11000b,2008-08-22 10:54:25,2008.6409912109375,14.510000228881836,-42.88999938964844,62.5099983215332,0.680899977684021,76.12999725341797,0.0,10.0,0.0,7.0,14.600000381469727,14.279999732971191,62.0,63.79999923706055,10.449999809265137,S,,,,,,,1.0,23
207,208,11014,2009-03-07 00:00:00,2009.1781005859375,-4.0,0.0,34.0,0.05700000002980232,-0.0,39.0,20.0,2.0,Bxo,B,11014,2009-03-06 11:18:45,2009.17529296875,-4.269999980926514,-7.360000133514404,34.08000183105469,0.13899999856948853,68.05000305175781,10.0,29.0,5.0,15.0,-4.840000152587891,-3.4100000858306885,33.63999938964844,34.75,52.2599983215332,S,,,,,,,1.0,23
208,209,nan,,,,,,,,,,,nan,B,11024c,2009-07-30 10:41:49,2009.5751953125,22.110000610351562,35.68000030517578,307.7200012207031,0.6202999949455261,299.0799865722656,2.0,8.0,1.0,5.0,22.100000381469727,22.1200008392334,306.260009765625,308.69000244140625,-0.5099999904632568,S,,,,,,,1.0,24
209,210,11030,2009-11-06 00:00:00,2009.8465576171875,25.0,-4.0,46.0,0.36800000071525574,9.899999618530273,92.0,50.0,5.0,Cro,B,11030,2009-11-09 11:26:31,2009.854736328125,24.729999542236328,41.72999954223633,46.650001525878906,0.7142000198364258,301.9100036621094,16.0,57.0,11.0,40.0,25.010000228881836,24.559999465942383,44.36000061035156,48.029998779296875,7.630000114440918,,,,,,,,1.0,24
210,211,nan,,,,,,,,,,,nan,B,11030a,2009-11-13 07:48:06,2009.865234375,-26.729999542236328,45.709999084472656,359.9700012207031,0.8030999898910522,232.97000122070312,1.0,10.0,1.0,8.0,-26.809999465942383,-26.510000228881836,359.54998779296875,1.2100000381469727,11.4399995803833,S,,,,,,,1.0,24
211,212,11047,2010-02-09 00:00:00,2010.1068115234375,-15.0,-70.0,169.0,0.9340000152587891,103.5999984741211,7.0,10.0,2.0,Axx,A,11047,2010-02-08 12:09:32,2010.1041259765625,-17.6200008392334,-75.43000030517578,170.4600067138672,0.9632999897003174,106.51000213623047,4.0,22.0,7.0,39.0,,,,,,C,,,,,,,1.0,24
212,213,11078,2010-06-11 00:00:00,2010.4410400390625,-22.0,73.0,141.0,0.9639999866485596,246.89999389648438,106.0,200.0,5.0,Dao,BG,11078,2010-06-10 14:23:31,2010.4385986328125,-20.899999618530273,69.30000305175781,143.17999267578125,0.9453999996185303,247.61000061035156,35.0,165.0,49.0,250.0,-21.610000610351562,-20.559999465942383,139.02000427246094,145.1699981689453,10.390000343322754,,,,,,,,1.0,24
213,214,11126,2010-11-18 00:00:00,2010.87939453125,-31.0,-7.0,108.0,0.5590000152587891,169.1999969482422,149.0,90.0,10.0,Dai,B,11126,2010-11-16 13:28:31,2010.8741455078125,-30.969999313354492,-24.84000015258789,108.9800033569336,0.6610999703407288,146.91000366210938,47.0,279.0,30.0,184.0,-31.1299991607666,-30.860000610351562,106.25,110.8499984741211,3.869999885559082,,,,,,,,1.0,24
214,215,nan,,,,,,,,,,,nan,B,11133m,2010-12-12 12:36:31,2010.9453125,10.739999771118164,-8.050000190734863,143.52000427246094,0.24060000479221344,35.209999084472656,0.0,10.0,0.0,5.0,9.789999961853027,11.380000114440918,143.22999572753906,143.7100067138672,-73.4800033569336,S,,T,,,,,1.0,24
215,216,11163,2011-02-25 00:00:00,2011.150634765625,18.0,-72.0,176.0,0.9670000076293945,69.19999694824219,101.0,200.0,2.0,Cro,BG,11163,2011-02-26 07:59:02,2011.1529541015625,16.40999984741211,-54.790000915527344,178.72999572753906,0.8597999811172485,65.9800033569336,1.0,54.0,1.0,54.0,17.440000534057617,15.800000190734863,176.97999572753906,179.75999450683594,31.68000030517578,,,,,,,,1.0,24
216,217,11194,2011-04-15 00:00:00,2011.284912109375,-32.0,42.0,7.0,0.7350000143051147,230.5,13.0,10.0,2.0,Bxo,B,11194,2011-04-14 17:44:53,2011.2828369140625,-31.170000076293945,38.599998474121094,7.050000190734863,0.6998000144958496,229.9199981689453,2.0,22.0,1.0,15.0,-30.940000534057617,-31.81999969482422,6.539999961853027,8.430000305175781,-28.610000610351562,S,,T,,,,,1.0,24
217,218,nan,,,,,,,,,,,nan,B,11205m,2011-05-04 13:30:10,2011.337158203125,30.489999771118164,-46.7400016784668,19.81999969482422,0.8338000178337097,48.970001220703125,0.0,12.0,0.0,10.0,30.520000457763672,30.450000762939453,18.889999389648438,21.219999313354492,2.0,S,,,,,,,1.0,24
218,219,nan,,,,,,,,,,,nan,BG,11319m,2011-10-15 06:21:05,2011.78564453125,10.699999809265137,-42.66999816894531,19.6299991607666,0.6776000261306763,80.56999969482422,6.0,34.0,3.0,23.0,10.619999885559082,11.0600004196167,19.219999313354492,21.489999771118164,-11.149999618530273,S,,T,,,,,1.0,24
219,220,11326,2011-10-22 00:00:00,2011.805419921875,16.0,48.0,22.0,0.7459999918937683,286.79998779296875,39.0,30.0,3.0,Cso,B,11326,2011-10-20 17:34:57,2011.8006591796875,15.050000190734863,31.15999984741211,21.389999389648438,0.5332000255584717,289.8399963378906,16.0,50.0,10.0,29.0,15.529999732971191,14.609999656677246,20.290000915527344,22.40999984741211,24.18000030517578,,,,,,,,1.0,24
220,221,11331,2011-10-25 00:00:00,2011.813720703125,9.0,73.0,7.0,0.9539999961853027,277.8999938964844,18.0,30.0,4.0,Cso,B,11331,2011-10-25 18:07:36,2011.814453125,9.050000190734863,80.69000244140625,4.679999828338623,0.9857000112533569,278.3299865722656,8.0,86.0,23.0,275.0,,,,,,,,,,,,,1.0,24
221,222,11349,2011-11-16 00:00:00,2011.8740234375,15.0,16.0,20.0,0.3440000116825104,309.20001220703125,37.0,20.0,8.0,Cro,B,11349,2011-11-15 07:33:03,2011.8707275390625,16.559999465942383,6.139999866485596,19.049999237060547,0.26109999418258667,336.6199951171875,4.0,40.0,2.0,19.0,17.06999969482422,15.670000076293945,17.790000915527344,21.200000762939453,23.25,,,,,,,,1.0,24
222,223,11379,2011-12-18 00:00:00,2011.961669921875,-29.0,22.0,324.0,0.5680000185966492,215.1999969482422,49.0,30.0,5.0,Cro,B,11379,2011-12-17 18:07:57,2011.9595947265625,-29.3799991607666,17.790000915527344,323.1600036621094,0.5454999804496765,209.32000732421875,4.0,39.0,3.0,24.0,-29.489999771118164,-29.15999984741211,322.0899963378906,325.2900085449219,6.679999828338623,,,,,,,,1.0,24
223,224,nan,,,,,,,,,,,nan,B,11401m,2012-01-17 08:54:32,2012.04345703125,16.5,-62.08000183105469,200.0500030517578,0.9075000286102295,69.30000305175781,1.0,5.0,1.0,6.0,15.550000190734863,16.979999542236328,199.42999267578125,200.36000061035156,-57.959999084472656,S,,,,,,,1.0,24
224,225,11419,2012-02-13 00:00:00,2012.1177978515625,28.0,-69.0,203.0,0.9660000205039978,58.599998474121094,41.0,80.0,4.0,Cso,B,11419,2012-02-12 18:24:44,2012.1158447265625,28.399999618530273,-74.05999755859375,200.5399932861328,0.9836000204086304,59.380001068115234,8.0,51.0,22.0,139.0,29.510000228881836,28.1200008392334,199.0,200.92999267578125,39.2400016784668,C,,,,,,,1.0,24
225,226,11429,2012-03-08 00:00:00,2012.18359375,17.0,-15.0,299.0,0.47600001096725464,31.299999237060547,2233.0,1270.0,28.0,Dkc,BGD,11429,2012-03-07 11:02:44,2012.1806640625,17.579999923706055,-22.729999542236328,299.82000732421875,0.5540000200271606,41.709999084472656,448.0,2760.0,268.0,1646.0,16.93000030517578,17.600000381469727,295.54998779296875,299.8999938964844,-9.149999618530273,,,,,,,,1.0,24
226,227,11433,2012-03-13 00:00:00,2012.197265625,11.0,-50.0,199.0,0.7979999780654907,70.4000015258789,44.0,37.0,,nan,B,11433,2012-03-13 14:27:08,2012.197509765625,12.069999694824219,-42.130001068115234,199.4600067138672,0.7229999899864197,65.56999969482422,29.0,137.0,20.0,98.0,,,,,,,,,,X,,,0.4600938856601715,24
227,228,11444,2012-03-26 00:00:00,2012.23291015625,19.0,-11.0,67.0,0.4690000116825104,22.600000381469727,106.0,60.0,7.0,Cao,B,11444,2012-03-24 11:07:46,2012.227294921875,19.639999389648438,-32.27000045776367,66.12999725341797,0.6636000275611877,49.4900016784668,22.0,84.0,13.0,59.0,19.229999542236328,19.940000534057617,64.4000015258789,67.3499984741211,-14.369999885559082,,,,,,,,1.0,24
228,229,11451,2012-04-01 00:00:00,2012.249267578125,17.0,-53.0,306.0,0.8420000076293945,65.0999984741211,21.0,20.0,4.0,Cro,B,11451,2012-03-30 12:00:58,2012.243896484375,18.399999618530273,-75.3499984741211,303.44000244140625,0.9800999760627747,69.61000061035156,0.0,8.0,0.0,23.0,17.850000381469727,18.760000228881836,302.4700012207031,304.05999755859375,-30.989999771118164,C,,,,,,,1.0,24
229,230,nan,,,,,,,,,,,nan,B,11467m,2012-04-29 06:21:05,2012.325439453125,21.3700008392334,-48.9900016784668,296.82000732421875,0.8151999711990356,59.77000045776367,2.0,7.0,2.0,6.0,21.760000228881836,21.0,295.55999755859375,298.0,18.540000915527344,S,,,,,,,1.0,24
230,231,nan,,,,,,,,,,,nan,B,11467q,2012-05-07 13:08:35,2012.3480224609375,17.6299991607666,18.65999984741211,254.97999572753906,0.47130000591278076,319.5,1.0,9.0,0.0,5.0,17.389999389648438,17.989999771118164,254.52999877929688,255.66000366210938,-29.059999465942383,S,,,,,,,1.0,24
231,232,11574,2012-09-18 00:00:00,2012.715087890625,-24.0,32.0,302.0,0.6959999799728394,224.10000610351562,57.0,40.0,4.0,Dso,B,11574,2012-09-21 11:35:22,2012.7232666015625,-24.229999542236328,73.41000366210938,298.80999755859375,0.9787999987602234,243.2899932861328,11.0,53.0,23.0,126.0,-25.860000610351562,-22.75,297.2099914550781,300.260009765625,48.220001220703125,,,,,,,,1.0,24
232,233,11595,2012-10-18 00:00:00,2012.7972412109375,-14.0,41.0,276.0,0.7089999914169312,244.0,14.0,10.0,1.0,Axx,A,11595,2012-10-17 08:20:51,2012.7940673828125,-13.479999542236328,32.15999984741211,276.2799987792969,0.607200026512146,238.77999877929688,2.0,8.0,1.0,5.0,-13.40999984741211,-13.529999732971191,274.80999755859375,277.25,-3.0199999809265137,S,,,,,,,1.0,24
233,234,11719,2013-04-12 00:00:00,2013.2767333984375,10.0,0.0,76.0,0.2720000147819519,-0.0,200.0,104.0,,nan,B,11719,2013-04-12 10:02:17,2013.2764892578125,9.720000267028809,4.300000190734863,75.06999969482422,0.2775999903678894,344.4700012207031,49.0,422.0,26.0,220.0,,,,,,,,,,X,,,0.5789473652839661,24
234,235,11739,2013-05-08 00:00:00,2013.347900390625,12.0,-16.0,77.0,0.37599998712539673,45.79999923706055,222.0,120.0,8.0,Dai,BG,11739,2013-05-07 08:10:12,2013.3447265625,11.789999961853027,-24.81999969482422,76.68000030517578,0.4862000048160553,57.650001525878906,25.0,152.0,14.0,91.0,13.680000305175781,10.600000381469727,72.41999816894531,79.38999938964844,24.31999969482422,C,,,,P,,,1.0,24
235,236,11745,2013-05-13 00:00:00,2013.3616943359375,14.0,-51.0,336.0,0.8009999990463257,70.19999694824219,180.0,151.0,,nan,B,11745,2013-05-13 12:35:54,2013.3616943359375,12.0600004196167,-44.959999084472656,334.7699890136719,0.734000027179718,70.66000366210938,27.0,296.0,20.0,217.0,,,,,,,,,,X,,,0.25115740299224854,24
236,237,11748,2013-05-16 00:00:00,2013.369873046875,11.0,-51.0,295.0,0.7929999828338623,74.0999984741211,93.0,77.0,,nan,BD,11748,2013-05-16 00:27:00,2013.3685302734375,11.449999809265137,-52.06999969482422,294.67999267578125,0.8069000244140625,73.6500015258789,12.0,180.0,10.0,150.0,,,,,,,W,,,X,,,0.2946954667568207,24
237,238,nan,,,,,,,,,,,nan,B,11809t,2013-08-19 09:22:01,2013.6298828125,5.820000171661377,61.40999984741211,226.3300018310547,0.8765000104904175,272.8900146484375,0.0,5.0,0.0,5.0,6.070000171661377,5.449999809265137,225.47000122070312,227.6300048828125,16.06999969482422,S,,,,,,,1.0,24
238,239,11883,2013-10-28 00:00:00,2013.8218994140625,4.0,-59.0,267.0,0.8560000061988831,88.19999694824219,62.0,60.0,2.0,Hax,B,11883,2013-10-27 10:46:20,2013.819091796875,2.359999895095825,-66.66000366210938,266.69000244140625,0.9190999865531921,89.5199966430664,4.0,29.0,5.0,37.0,2.240000009536743,2.390000104904175,266.4200134277344,266.75,-24.850000381469727,C,,,,,,,1.0,24
239,240,nan,,,,,,,,,,,nan,B,11922m,2013-12-09 10:40:39,2013.9368896484375,14.770000457763672,-21.079999923706055,105.4800033569336,0.43529999256134033,53.380001068115234,3.0,29.0,2.0,16.0,14.229999542236328,15.3100004196167,104.45999908447266,106.51000213623047,-28.670000076293945,,,,,,,,1.0,24
240,241,nan,,,,,,,,,,,nan,B,11935n,2013-12-29 12:27:16,2013.9918212890625,18.350000381469727,-45.61000061035156,176.47999572753906,0.7635999917984009,62.9900016784668,2.0,14.0,2.0,10.0,18.899999618530273,18.209999084472656,175.8699951171875,176.6300048828125,43.33000183105469,S,,,,,,,1.0,24
241,242,nan,,,,,,,,,,,nan,B,11968n,2014-02-05 09:47:23,2014.0955810546875,4.360000133514404,29.639999389648438,112.83000183105469,0.5239999890327454,289.1499938964844,2.0,27.0,1.0,16.0,,,,,,S,,,,,,V,1.0,24
242,243,11967,2014-02-06 00:00:00,2014.0986328125,-12.0,38.0,113.0,0.6140000224113464,258.70001220703125,1652.0,1047.0,,nan,BD,11967,2014-02-06 00:42:00,2014.0972900390625,-12.59000015258789,36.380001068115234,111.4000015258789,0.5942000150680542,257.07000732421875,455.0,1843.0,276.0,1139.0,,,,,,,W,,,X,,,0.6979166865348816,24
243,244,11987,2014-02-24 00:00:00,2014.14794921875,-2.0,-48.0,150.0,0.7440000176429749,86.30000305175781,320.0,240.0,13.0,Dao,BG,11987,2014-02-22 15:43:18,2014.1429443359375,-1.5,-68.5999984741211,147.49000549316406,0.9309999942779541,88.83999633789062,56.0,302.0,75.0,413.0,,,,,,,E,,,,,,1.0,24
244,245,11990,2014-02-28 00:00:00,2014.158935546875,-14.0,-38.0,108.0,0.6140000224113464,103.5,317.0,201.0,,nan,BD,11990,2014-02-28 10:08:41,2014.15869140625,-14.020000457763672,-32.119998931884766,108.0,0.5368000268936157,105.1500015258789,111.0,502.0,64.0,295.0,,,,,,,D,,,X,,,0.803814709186554,24
245,246,nan,,,,,,,,,,,nan,B,12015m,2014-03-16 12:36:52,2014.2027587890625,-15.119999885559082,-55.41999816894531,232.52999877929688,0.8194000124931335,103.5,3.0,19.0,2.0,16.0,,,,,,S,,,,,,,1.0,24
246,247,12015,2014-03-24 00:00:00,2014.224609375,-14.0,42.0,231.0,0.6669999957084656,256.70001220703125,134.0,90.0,4.0,Cao,BD,12015,2014-03-23 10:45:34,2014.2218017578125,-14.319999694824219,34.060001373291016,230.74000549316406,0.5648000240325928,254.69000244140625,38.0,223.0,23.0,135.0,,,,,,,D,T,,,,,1.0,24
247,248,12020,2014-03-28 00:00:00,2014.235595703125,-14.0,-28.0,108.0,0.47699999809265137,107.0999984741211,17.0,10.0,5.0,Bxo,B,12020,2014-03-27 10:28:05,2014.232666015625,-13.529999732971191,-36.47999954223633,107.61000061035156,0.5968999862670898,103.62999725341797,0.0,39.0,0.0,25.0,,,,,,S,,,,,,,1.0,24
248,249,12099,2014-06-28 00:00:00,2014.4876708984375,-17.0,5.0,5.0,0.34599998593330383,193.89999389648438,18.0,10.0,2.0,Bxo,B,12099,2014-06-27 08:52:33,2014.484619140625,-16.860000610351562,-4.0,4.739999771118164,0.33889999985694885,168.5399932861328,3.0,12.0,1.0,7.0,,,,,,S,,,,,,,1.0,24
249,250,12158,2014-09-12 00:00:00,2014.6959228515625,16.0,12.0,87.0,0.2529999911785126,307.79998779296875,851.0,440.0,23.0,Dkc,BGD,12158,2014-09-09 06:31:23,2014.68701171875,15.6899995803833,-24.040000915527344,87.47000122070312,0.42500001192092896,68.08999633789062,199.0,1477.0,110.0,814.0,,,,,,,,,,,,,1.0,24
250,251,12190,2014-10-16 00:00:00,2014.7890625,23.0,-46.0,301.0,0.7379999756813049,63.79999923706055,13.0,10.0,3.0,Bxo,B,12190,2014-10-15 08:10:08,2014.785888671875,23.809999465942383,-54.91999816894531,300.55999755859375,0.8273000121116638,65.04000091552734,2.0,18.0,2.0,15.0,,,,,,,,,,,,,1.0,24
251,252,nan,,,,,,,,,,,nan,B,12200m,2014-11-03 12:17:04,2014.83837890625,6.409999847412109,-7.28000020980835,95.37000274658203,0.13369999825954437,71.91000366210938,0.0,21.0,0.0,10.0,,,,,,,,,,,,,1.0,24
252,253,12223,2014-11-28 00:00:00,2014.9068603515625,17.0,11.0,151.0,0.32899999618530273,326.29998779296875,18.0,10.0,1.0,Bxo,B,12223,2014-11-28 08:33:10,2014.906494140625,17.450000762939453,16.690000534057617,151.82000732421875,0.39329999685287476,315.6600036621094,6.0,47.0,3.0,26.0,,,,,,,,,,,,,1.0,24
253,254,12262,2015-01-14 00:00:00,2015.03564453125,1.0,56.0,296.0,0.8309999704360962,274.29998779296875,44.0,40.0,5.0,Cso,B,12262,2015-01-13 10:26:58,2015.03271484375,-2.0,48.099998474121094,296.2099914550781,0.7461000084877014,271.2099914550781,22.0,58.0,16.0,44.0,,,,,,,E,,,,,,1.0,24
254,255,12273,2015-01-28 00:00:00,2015.073974609375,-3.0,12.0,67.0,0.21299999952316284,282.79998779296875,175.0,90.0,6.0,Dao,B,12273,2015-01-27 01:17:00,2015.070068359375,-3.0299999713897705,-1.0,67.80000305175781,0.04830000177025795,21.309999465942383,50.0,312.0,25.0,155.0,,,,,,,,,,,,,1.0,24
255,256,12310,2015-03-25 00:00:00,2015.2274169921875,5.0,-30.0,,,,,20.0,,nan,B,12310,2015-03-25 00:00:00,2015.2274169921875,5.0,-30.0,,,,,,,32.0,,,,,,S,,,R,X,N,,,24
256,257,12328,2015-04-19 00:00:00,2015.2958984375,-2.0,69.0,137.0,0.9330000281333923,269.79998779296875,7.0,10.0,4.0,Bxo,B,12328,2015-04-17 09:27:17,2015.2901611328125,-1.940000057220459,45.33000183105469,135.30999755859375,0.7139000296592712,272.6700134277344,3.0,22.0,2.0,15.0,,,,,,,,,,,,,1.0,24
257,258,12364,2015-06-07 00:00:00,2015.43017578125,-5.0,-64.0,77.0,0.8999999761581421,95.69999694824219,8.0,10.0,3.0,Bxo,B,12364,2015-06-07 06:09:10,2015.429443359375,-5.610000133514404,-60.4900016784668,76.87000274658203,0.8733999729156494,96.44999694824219,3.0,47.0,3.0,48.0,,,,,,,,,,,,,1.0,24
258,259,12365,2015-06-13 00:00:00,2015.446533203125,-13.0,18.0,79.0,0.38499999046325684,231.39999389648438,258.0,140.0,10.0,Cao,B,12365,2015-06-12 06:10:29,2015.443115234375,-12.819999694824219,9.0,80.2699966430664,0.28040000796318054,213.3000030517578,56.0,330.0,29.0,170.0,,,,,,,,,,,,,1.0,24
259,260,12374,2015-06-29 00:00:00,2015.4903564453125,8.0,1.0,211.0,0.09200000017881393,349.20001220703125,19.0,10.0,3.0,Bxo,B,12374,2015-06-28 10:31:53,2015.487548828125,8.579999923706055,-7.480000019073486,209.58999633789062,0.16769999265670776,50.34000015258789,5.0,37.0,2.0,19.0,,,,,,S,,,,,,,1.0,24
260,261,12377,2015-07-03 00:00:00,2015.5013427734375,-11.0,36.0,192.0,0.6230000257492065,247.8000030517578,15.0,10.0,1.0,Hrx,A,12377,2015-07-02 06:10:09,2015.4979248046875,-10.739999771118164,25.709999084472656,192.1999969482422,0.4871000051498413,241.4499969482422,7.0,33.0,4.0,19.0,,,,,,,,,,,,,1.0,24
261,262,12401,2015-08-15 00:00:00,2015.619140625,-12.0,-37.0,271.0,0.6600000262260437,116.80000305175781,105.0,70.0,8.0,Cai,B,12401,2015-08-14 06:39:49,2015.6158447265625,-10.920000076293945,-47.18000030517578,270.20001220703125,0.7692999839782715,110.18000030517578,30.0,148.0,24.0,115.0,,,,,,,,,,,,,1.0,24
262,263,12460,2015-11-27 00:00:00,2015.904052734375,12.0,-16.0,359.0,0.32899999618530273,55.099998474121094,37.0,20.0,4.0,Cro,B,12460,2015-11-26 09:44:49,2015.901123046875,12.75,-21.56999969482422,1.7000000476837158,0.4106000065803528,61.2400016784668,9.0,60.0,5.0,34.0,,,,,,,,,,,,,1.0,24
263,264,12488,2016-01-28 00:00:00,2016.073974609375,7.0,43.0,,,,,29.0,,nan,B,12485t,2016-01-28 00:00:00,2016.073974609375,7.0,43.0,,,,,,,51.0,,,,,,,,,,X,N,,,24
264,265,12523,2016-03-17 00:00:00,2016.208251953125,-10.0,22.0,15.0,0.37400001287460327,260.79998779296875,18.0,10.0,3.0,Bxo,B,12523,2016-03-16 06:46:14,2016.204833984375,-9.670000076293945,12.569999694824219,15.470000267028809,0.22139999270439148,257.92999267578125,15.0,32.0,7.0,17.0,,,,,,,,,,,,,1.0,24
265,266,12549,2016-05-29 00:00:00,2016.408203125,-14.0,-18.0,91.0,0.37700000405311584,127.30000305175781,37.0,20.0,3.0,Dro,B,12549,2016-05-29 04:58:46,2016.407470703125,-14.380000114440918,-15.890000343322754,90.54000091552734,0.3544999957084656,131.5,25.0,80.0,13.0,43.0,,,,,,,,,,,,,1.0,24
266,267,12552,2016-06-12 00:00:00,2016.446533203125,15.0,75.0,359.0,0.9670000076293945,285.29998779296875,76.0,150.0,5.0,Dao,BD,12552,2016-06-11 04:58:47,2016.4429931640625,14.899999618530273,64.52999877929688,358.9100036621094,0.9088000059127808,286.19000244140625,52.0,234.0,58.0,280.0,,,,,,,,,,,,,1.0,24
267,268,nan,,,,,,,,,,,nan,B,12614n,2016-12-06 04:58:32,2016.9306640625,-6.179999828338623,-37.959999084472656,65.44000244140625,0.6236000061035156,100.19000244140625,1.0,5.0,1.0,4.0,,,,,,S,,,,,,,1.0,24
268,269,12620,2016-12-22 00:00:00,2016.975341796875,-23.0,50.0,305.0,0.7960000038146973,242.3000030517578,60.0,50.0,5.0,Cso,B,12620,2016-12-21 04:58:31,2016.9718017578125,-22.65999984741211,39.84000015258789,305.6199951171875,0.6967999935150146,238.3699951171875,48.0,110.0,31.0,76.0,,,,,,,,,,,,,1.0,24
269,270,12633,2017-02-03 00:00:00,2017.0904541015625,14.0,51.0,100.0,0.8140000104904175,292.1000061035156,11.0,10.0,3.0,Bxo,B,12633,2017-02-02 04:58:31,2017.0869140625,15.039999961853027,38.349998474121094,97.87999725341797,0.6909000277519226,299.5199890136719,20.0,38.0,13.0,28.0,15.710000038146973,14.5600004196167,96.27999877929688,99.02999877929688,23.450000762939453,S,,,,,,,1.0,24
270,271,12664,2017-06-24 00:00:00,2017.4766845703125,18.0,-35.0,312.0,0.6129999756813049,62.900001525878906,92.0,58.0,,nan,B,12664,2017-06-24 04:58:46,2017.4759521484375,17.860000610351562,-32.88999938964844,311.8699951171875,0.5884000062942505,61.79999923706055,31.0,201.0,17.0,126.0,,,,,,C,,,,X,,,0.8344370722770691,24
271,272,12694,2018-01-09 00:00:00,2018.02197265625,-32.0,3.0,244.0,0.47099998593330383,185.39999389648438,17.0,10.0,3.0,Bxo,B,12694,2018-01-09 04:58:30,2018.0211181640625,-32.22999954223633,5.949999809265137,243.9199981689453,0.48510000109672546,190.50999450683594,12.0,27.0,7.0,15.0,,,,,,S,,,,,,,1.0,25
272,273,12696,2018-01-17 00:00:00,2018.0438232421875,-13.0,-12.0,123.0,0.24799999594688416,125.30000305175781,58.0,30.0,3.0,Cro,B,12696,2018-01-17 04:58:30,2018.0430908203125,-12.789999961853027,-8.84000015258789,123.77999877929688,0.20739999413490295,133.1300048828125,33.0,114.0,17.0,58.0,,,,,,,,T,R,,,,1.0,24
273,274,12703,2018-03-31 00:00:00,2018.243896484375,-8.0,-60.0,192.0,0.8610000014305115,95.5,10.0,10.0,1.0,Axx,A,12703,2018-03-30 04:58:37,2018.240234375,-9.170000076293945,-71.68000030517578,192.47999572753906,0.9465000033378601,97.43000030517578,9.0,16.0,13.0,24.0,,,,,,C,,,,,,,1.0,24
274,275,12720,2018-08-26 00:00:00,2018.6492919921875,8.0,39.0,136.0,0.625,274.0,156.0,100.0,7.0,Dao,B,nan,,,,,,,,,,,,,,,,,,,,,,,,,24
275,276,nan,,,,,,,,,,,nan,B,0,2019-02-13 00:00:00,2019.1177978515625,-18.0,50.0,,,,,,,,,,,,,S,,,,,,,,24
276,277,nan,,,,,,,,,,,nan,B,0,2020-11-27 00:00:00,2020.9068603515625,-3.0,-29.0,,,,,,,,,,,,,S,,,,,,,,24
